rowNumber,stationId,Location,Address
1,1101010,Point(141.3532777 43.06225480000001),札幌市中央区北１西２
2,1101020,Point(141.3252375 43.0396273),札幌市中央区南２３西１３
3,1101520,Point(141.3532777 43.06225480000001),札幌市中央区北１西２
4,1101540,Point(141.3445286 43.0409769),札幌市中央区南１４条西１０丁目
5,1102010,Point(141.3711567 43.1453261),札幌市北区篠路４－９
6,1102020,Point(141.3331053 43.0820313),札幌市北区北19条西12丁目
7,1102510,Point(141.3483898 43.0843826),札幌市北区北１９西２
8,1103010,Point(141.3587536 43.0839536),札幌市東区北１８東５
9,1103520,Point(141.3741522 43.1037853),札幌市東区北３３東１８
10,1104030,Point(141.4156654 43.0691627),札幌市白石区菊水元町８－３
11,1105010,Point(141.4269315 43.0228762),札幌市豊平区月寒東４－１８
12,1105520,Point(141.396111 43.03045300000001),札幌市豊平区月寒中央通７丁目
13,1106050,Point(141.3548381 42.9626928),札幌市南区真駒内602
14,1107020,Point(141.2890968 43.0877638),札幌市西区発寒５－７
15,1107030,Point(141.2459108 43.124975),札幌市手稲区前田２－１２
16,1108010,Point(141.4630875 43.04212950000001),札幌市厚別区厚別中央４－３
17,1110010,Point(141.4435827 42.99926180000001),札幌市清田区平岡1条1丁目2
18,1202080,Point(140.7468006 41.8188869),函館市美原3-30-3
19,1202100,Point(140.7365488 41.77803979999999),函館市新川町30-26
20,1202110,Point(140.7302196 41.7958914),函館市吉川町6-22
21,1202560,Point(140.7468006 41.8188869),函館市美原３－３０－３
22,1202570,Point(140.76832 41.7830756),函館市駒場町1-6
23,1203090,Point(141.1564479 43.139733),小樽市見晴町3-26
24,1203100,Point(141.0219079 43.1816823),小樽市勝納町10-1
25,1203110,Point(140.9369767 43.2105522),小樽市塩谷2-10-5
26,1203520,Point(140.9946841 43.1969095),小樽市稲穂2-22-8
27,1204010,Point(142.3645743 43.7702998),旭川市６条通９丁目
28,1204011,Point(142.3645743 43.7702998),旭川市６条通９丁目
29,1204050,Point(142.3294024 43.7940457),旭川市錦町２１丁目
30,1204150,Point(142.3964685 43.7482619),旭川市東光８条３丁目
31,1204160,Point(142.4360185 43.8107633),旭川市永山３条１９丁目
32,1205020,Point(140.9984815 42.3223606),室蘭市御前水町2－2
33,1205060,Point(140.9418307 42.3783205),室蘭市白鳥台5－35
34,1205310,Point(141.0170784 42.33715369999999),室蘭市輪西町3－2－33
35,1205320,Point(141.0334107 42.347823),室蘭市寿町1－9
36,1205540,Point(141.0241673 42.34025),室蘭市東町4－29
37,1205550,Point(140.951444 42.36597709999999),室蘭市陣屋町3－4
38,1206280,Point(144.2606979 43.0173372),釧路市大楽毛西2-32
39,1206290,Point(144.3636328 43.0214076),釧路市昭和中央3丁目12番2号
40,1207090,Point(143.1960911 42.9239722),帯広市西５条南７丁目１番地
41,1208510,Point(143.8907183 43.7987008),北見市常磐町2-1-8
42,1213020,Point(141.6071581 42.6503481),苫小牧市双葉町３－２３
43,1213050,Point(141.6309688 42.6576551),苫小牧市明野新町３－２
44,1213070,Point(141.7239436 42.628815),苫小牧市字勇払２７－２３
45,1213220,Point(141.6892571 42.6698527),苫小牧市沼ノ端中央５－４
46,1213510,Point(141.5414423 42.627265),苫小牧市しらかば町5丁目21番地
47,1213610,Point(141.6055597 42.6340373),苫小牧市旭町4-5-6
48,1224010,Point(141.6722923 42.8299585),千歳市日の出２－２０５５－１
49,1224020,Point(141.6430061 42.8395695),千歳市富丘４－１３
50,1224050,Point(141.7340661 42.7975721),千歳市駒里２２３１－２
51,1224060,Point(141.5998683 42.7896547),千歳市若草４－１３
52,1224510,Point(141.6559533 42.8240893),千歳市東雲町５－１３
53,1226010,Point(141.9187227 43.50902929999999),砂川市焼山60-2
54,1302010,Point(141.2835762 43.1581633),石狩市樽川500-33
55,1335030,Point(140.6956611 41.83442470000001),北斗市追分1-36-16
56,1424010,Point(141.8791082 43.4252332),空知郡奈井江町字奈井江147
57,1518950,Point(141.2269035 45.1530013),利尻郡利尻町仙法志神磯193
58,1578010,Point(141.3559622 42.5505664),白老郡白老町大町１－６
59,1578030,Point(141.2906905 42.5096181),白老郡白老町字北吉原８６
60,1579020,Point(141.7733971 42.73334),勇払郡安平町遠浅７５１－１
61,1579030,Point(141.8055239 42.76268890000001),勇払郡安平町早来北町１２－２
62,1581010,Point(141.8850671 42.7212216),勇払郡厚真町新町１２７－１０
63,1581020,Point(141.8491359 42.6461029),勇払郡厚真町字上厚真１８－１
64,1582020,Point(141.8976741 42.6011207),勇払郡むかわ町田浦２０９－１
65,1582030,Point(141.925667 42.5790773),勇払郡むかわ町福住２丁目１８０番地
66,2201070,Point(140.761095 40.8192369),青森市松原２－４－４
67,2201080,Point(140.7341438 40.8140302),青森市金沢１－６－１
68,2201090,Point(140.6748354 40.8258545),青森市新城平岡１４１－１
69,2201520,Point(140.7528079 40.8243069),青森市橋本１丁目９－１７
70,2202060,Point(140.4771848 40.6085258),弘前市和徳町３６３－１３
71,2202510,Point(140.4396435 40.5942053),弘前市中野１－１－１
72,2203050,Point(141.4711699 40.5322634),八戸市河原木根岸１－２
73,2203220,Point(141.4471351 40.56001),八戸市市川町尻引前山３１－２
74,2203240,Point(141.4806243 40.5163489),八戸市売市小待１５０
75,2203260,Point(141.5221467 40.5275241),八戸市大字湊町字舘鼻６７
76,2203510,Point(141.4901961 40.5079413),八戸市六日町１０
77,2204010,Point(140.5941222 40.6505456),黒石市ぐみの木３－６５
78,2205010,Point(140.4634634 40.7818583),五所川原市広田藤浦１０５－１
79,2206030,Point(141.2031855 40.6089347),十和田市西十三番町５－２４
80,2207020,Point(141.3763288 40.6940313),三沢市岡三沢七丁目１６－１
81,2208030,Point(141.2092613 41.28404949999999),むつ市金曲一丁目５－１０
82,2307950,Point(140.368568 41.2412816),東津軽郡外ヶ浜町三厩宇鉄山国有林84林班り2小班
83,2321010,Point(140.2381031 40.78269179999999),西津軽郡鰺ヶ沢町大字舞戸町字鳴戸３８４－３７
84,2364510,Point(140.5898472 40.7570732),青森市浪岡大字大釈迦前田５－２
85,2411010,Point(141.3593692 40.97637659999999),上北郡六ヶ所村大字尾駮字野附４８３
86,3201070,Point(141.1453408 39.6637187),盛岡市津志田１４－３７－２
87,3201550,Point(141.13815 39.7203557),盛岡市上田４－１－１
88,3202050,Point(141.9498839 39.6442869),宮古市横町 ５－１
89,3203090,Point(141.7045921 39.0952669),大船渡市猪川町字前田 ６－１
90,3204010,Point(141.1401285 39.1440371),奥州市水沢区大手町５－５
91,3205010,Point(141.1158996 39.3900124),花巻市花城町１－４１
92,3206010,Point(141.1108537 39.2872222),北上市芳町２－８
93,3207010,Point(141.7627117 40.1916885),久慈市八日町１－１
94,3209010,Point(141.1272191 38.9358415),一関市竹山町７－５
95,3209510,Point(141.1186394 38.9324055),一関市山目字三反田１５２－１
96,3211070,Point(141.8454254 39.2658381),釜石市釜石市新町６－５０
97,3213020,Point(141.2958978 40.2688046),二戸市石切所字荷渡６－３
98,3215010,Point(141.1752501 39.1928193),奥州市江刺区大通り ７－１３
99,3305010,Point(141.1405021 39.7817034),岩手郡滝沢村滝沢字巣子７３３－４
100,3321010,Point(141.1722039 39.5552792),紫波郡紫波町日詰字東裏 ８５－１
101,4101010,Point(140.7767039 38.2718954),仙台市青葉区下愛子字二本松４０
102,4101020,Point(140.7641372 38.2686728),仙台市青葉区下愛子字観音堂5
103,4101510,Point(140.8733429 38.2932172),仙台市青葉区北根一丁目１１
104,4104010,Point(140.6712978 38.2585519),仙台市太白区秋保町長袋大原４５?１
105,4105520,Point(140.8457951 38.3107165),仙台市泉区長命ケ丘２－２２
106,4105530,Point(140.8860157 38.3365894),仙台市泉区将監４－４
107,4201020,Point(140.946114 38.3012838),仙台市宮城野区岩切字三所南８８－１
108,4201030,Point(140.9105083 38.2908644),仙台市宮城野区鶴ヶ谷３－１７－１
109,4201050,Point(140.8892424 38.2189391),仙台市太白区郡山６－５－１
110,4201060,Point(140.8389242 38.2964508),仙台市青葉区中山６－１６－１
111,4201070,Point(140.9765374 38.2648566),仙台市宮城野区白鳥1-32-1
112,4201080,Point(140.9420495 38.241072),仙台市若林区荒井字堀添５３－２
113,4201210,Point(140.9718261 38.2803781),仙台市宮城野区福室５－１６－１
114,4201220,Point(140.8278262 38.2211062),仙台市太白区山田北前町３６－１
115,4201230,Point(140.8963204 38.26004229999999),仙台市宮城野区五輪１－２－３
116,4201540,Point(140.9109735 38.2672734),仙台市宮城野区原町３ー７
117,4201550,Point(140.8640566 38.2727087),仙台市青葉区木町通１－７－３６
118,4201560,Point(140.8818405 38.2508938),仙台市若林区清水小路３－１
119,4202060,Point(141.2620458 38.4330154),石巻市石巻市門脇一番谷地51-10
120,4203010,Point(141.0220539 38.3143308),塩竃市旭町1-1
121,4203510,Point(141.0298497 38.3143557),塩竃市中の島１－９
122,4204020,Point(140.9745424 38.5665918),大崎市古川旭４－１－１
123,4204510,Point(140.9790227 38.5711324),大崎市李埣３－１－３
124,4205020,Point(141.5709194 38.902746),気仙沼市笹ヶ陣３－１
125,4206010,Point(140.6193414 37.9973807),白石市南町１－２－７９
126,4207510,Point(140.8914668 38.1708702),名取市増田５－１８－３２
127,4210010,Point(140.8931671 38.3229584),仙台市泉区七北田字東裏９０
128,4211010,Point(140.8680692 38.1114753),岩沼市中央３丁目１－１３
129,4323010,Point(140.7658698 38.0565554),柴田郡柴田町船岡中央２－３－４５
130,4341010,Point(140.817232 37.8562241),伊具郡丸森町大内字南平１９３－６
131,4362010,Point(140.8928995 37.9406596),亘理郡山元町高瀬字合戦原１００－１
132,4401010,Point(141.0715152 38.3895246),宮城郡松島町高城字迎山３－５
133,4406010,Point(140.9811807 38.330037),宮城郡利府町中央２－１１－１
134,4421010,Point(140.8869295 38.4471773),黒川郡大和町吉岡字町裏３２
135,4501010,Point(141.170805 38.5504263),遠田郡涌谷町遠田郡涌谷町小塚字桜清水二1-5
136,4521010,Point(141.0187123 38.7385708),栗原市築館藤木５－１
137,4541010,Point(141.2081563 38.691779),登米市迫町佐沼字北散田１４７
138,4562020,Point(141.2088986 38.412416),東松島市矢本字町裏１５４
139,5201010,Point(140.0822435 39.7615051),秋田市土崎港北２－１７
140,5201030,Point(140.1026808 39.703907),秋田市茨島１－４－７１
141,5201040,Point(140.1304672 39.6795727),秋田市仁井田本町４－５－２０
142,5201060,Point(140.1234359 39.7955231),秋田市上新城五十丁字大村屋敷２２
143,5201080,Point(140.0667965 39.75626279999999),秋田市土崎港西３－１０－２５
144,5201120,Point(140.1017801 39.7201283),秋田市山王１－１－１
145,5201130,Point(140.0839452 39.6770693),秋田市新屋扇町１２－３５
146,5201340,Point(140.0616933 39.7899111),秋田市飯島字堀川８４－１３０
147,5201370,Point(140.1466801 39.7143034),秋田市広面字樋ノ上２８３
148,5201530,Point(140.1026808 39.703907),秋田市茨島１－４－７１
149,5202020,Point(140.0196592 40.2107604),能代市盤若町３－１
150,5202040,Point(140.1195362 40.1695274),能代市檜山字赤館４２－１
151,5203020,Point(140.5781487 39.3100292),横手市旭川１－３－４６
152,5204020,Point(140.5728139 40.2737896),大館市金坂後６
153,5205010,Point(140.0499266 39.3839601),由利本荘市桜小路１
154,5206060,Point(139.8502469 39.8900409),男鹿市船川港船川字泉台３－２
155,5208010,Point(140.4786818 39.4508865),大仙市大曲上栄町１３－６２
156,6201090,Point(140.3406186 38.2702593),山形市銅町２－１０－８
157,6201110,Point(140.3160787 38.2119309),山形市成沢西一丁目３－３
158,6201510,Point(140.3622751 38.2693603),山形市下山家８１－５
159,6202010,Point(140.1138229 37.919914),米沢市金池２－９
160,6203010,Point(139.8270664 38.7393017),鶴岡市錦町6-60
161,6204020,Point(139.834362 38.9314068),酒田市住吉町９－３６
162,6204040,Point(139.8918104 38.9476532),酒田市大字安田字背煩堰７０
163,6204050,Point(139.8490822 38.9133111),酒田市若浜町１－４０
164,6205010,Point(140.298662 38.7574861),新庄市下田町８－１
165,6206010,Point(140.2773842 38.3907689),寒河江市西根字石川西３５５
166,6208010,Point(140.3988015 38.4736),村山市楯岡笛田3-2-1
167,6209010,Point(140.0345225 38.1106376),長井市高野町２丁目３－１
168,6422010,Point(139.9036941 38.8458511),東田川郡庄内町大字余目字猿田８７
169,6461010,Point(139.9181269 39.0131088),飽海郡遊佐町大字遊佐町字川端７
170,7201180,Point(140.4906747 37.7764493),福島市古川44-2
171,7201190,Point(140.4632759 37.7404417),福島市郷野目字向町17-2
172,7201200,Point(140.4494813 37.7669513),福島市森合字中谷地4-4
173,7201510,Point(140.4781183 37.7670049),福島市松浪町3-46
174,7202070,Point(139.926216 37.493881),会津若松市西栄町４－６１
175,7203130,Point(140.3965261 37.3908901),郡山市芳賀２丁目６番１号
176,7203140,Point(140.3790658 37.392156),郡山市堤下町４ノ４
177,7203150,Point(140.3930366 37.4480471),郡山市日和田町日向６０
178,7203170,Point(140.3900977 37.4177316),郡山市富久山町字空谷地２３
179,7203180,Point(140.3646879 37.35591489999999),郡山市安積３－３７
180,7203520,Point(140.3423574 37.393563),郡山市台新１－８０４
181,7204020,Point(140.781943 36.8949834),いわき市錦町重殿１５
182,7204030,Point(140.7721917 36.9131278),いわき市錦町鬼越下６４
183,7204070,Point(140.8638763 36.9398958),いわき市泉町下川字宿ノ川１９
184,7204090,Point(140.8698807 36.953204),いわき市泉町滝尻字高見坪１
185,7204110,Point(140.8931114 36.9633773),いわき市小名浜大原字六反田２２
186,7204160,Point(140.8783192 36.9465216),いわき市小名浜字中原５－１
187,7204170,Point(140.8201018 36.92895439999999),いわき市金山町朝日台１
188,7204210,Point(140.8857179 37.0584359),いわき市平字揚土５
189,7204510,Point(140.9000993 37.0543046),いわき市平字正内町２２
190,7204720,Point(140.9173426 37.0031202),いわき市中央台鹿島１丁目55
191,7204730,Point(140.8487518 37.0038675),いわき市常磐湯本町栄田11
192,7204740,Point(140.9654196 37.094391),いわき市四倉町狐塚字松橋20
193,7205050,Point(140.2209421 37.1216944),白河市寺小路28
194,7206050,Point(140.950396 37.639986),南相馬市仲町２丁目１６５
195,7207010,Point(140.3715715 37.2859625),須賀川市大町１０８－１
196,7208090,Point(139.8742433 37.6584116),喜多方市字桜が丘１－１２９－１
197,7209080,Point(140.919307 37.80443),相馬市中村字高池前４３
198,7210010,Point(140.4300891 37.5848237),二本松市金色424-1
199,7368010,Point(139.7813093 37.20122480000001),南会津郡南会津町田島字天道沢甲２５４２－７
200,7466010,Point(140.338608 37.2012581),西白河郡矢吹町一本木101
201,7481010,Point(140.3766162 37.0232356),東白川郡棚倉町大字棚倉字舘ヶ丘７３－４
202,7541010,Point(140.9901618 37.2190082),双葉郡広野町大字下北迫字岩作６７－１
203,7542010,Point(140.9975558 37.26553970000001),双葉郡楢葉町大字下小塙字麦入３１
204,7543010,Point(140.9946837 37.3593652),双葉郡富岡町字夜の森南４丁目４２
205,7546010,Point(141.0054318 37.4412907),双葉郡双葉町大字新山字清戸迫１
206,7561020,Point(140.9132984 37.8731716),相馬郡新地町谷地小屋字愛宕３７－２
207,7563010,Point(140.957261 37.6422006),南相馬市東町２丁目７８
208,8201030,Point(140.4262903 36.3927472),水戸市石川一丁目４０４３－８
209,8201040,Point(140.4980362 36.3300825),水戸市元石川町２２９７－１
210,8201510,Point(140.4584385 36.3811109),水戸市大工町１－６
211,8202020,Point(140.6501965 36.6012537),日立市宮田町１－４４－１
212,8202050,Point(140.6258907 36.5576566),日立市末広町１－２
213,8202200,Point(140.5822382 36.4952752),日立市下土木内町６１７
214,8203010,Point(140.1909326 36.0707298),土浦市下高津２－７－４６
215,8203520,Point(140.1671688 36.0427672),土浦市中村南１丁目１４１３番地－１
216,8204010,Point(139.7155912 36.2040503),古河市北町６－２２
217,8205020,Point(140.284938 36.2034416),石岡市杉並２－１－２
218,8206010,Point(139.9765615 36.3096848),筑西市甲１１４
219,8208010,Point(140.1930039 35.9072244),龍ケ崎市光順田２９８３－１
220,8210010,Point(139.9602831 36.1842223),下妻市下妻乙２０９
221,8211010,Point(139.9920425 36.0342626),常総市水海道森下町４４７４
222,8212010,Point(140.5176525 36.5248394),常陸太田市稲木町６６０
223,8213010,Point(140.5346664 36.3965854),ひたちなか市東石川２－１０－１
224,8214010,Point(140.7116968 36.7152097),高萩市本町２－３７
225,8215010,Point(140.7342926 36.7799923),北茨城市中郷町上桜井５３－５
226,8216010,Point(140.2369586 36.3857574),笠間市石井７１７
227,8217010,Point(140.0495324 35.9110671),取手市大字寺田５１３９
228,8220010,Point(140.0375656 36.1041017),つくば市高野１１９７－２０
229,8221010,Point(140.5022803 36.40157),ひたちなか市市毛８２３－１
230,8302010,Point(140.4178973 36.314559),東茨城郡茨城町大戸１７３７
231,8341010,Point(140.6223267 36.4339475),那珂郡東海村照沼１１４５
232,8342010,Point(140.5077779 36.4473368),那珂市菅谷８９１－２
233,8344010,Point(140.4021967 36.555081),常陸大宮市野中町３０８３
234,8402010,Point(140.5167529 36.1595964),鉾田市大字鉾田１３６７－３
235,8405010,Point(140.6229747 35.9644771),鹿嶋市城山２－２－１９
236,8405020,Point(140.6599215 35.971386),鹿嶋市大字港ヶ丘２丁目１１５０－４１
237,8406010,Point(140.62583 35.9160826),神栖市大字下幡木４１３０
238,8406030,Point(140.6382045 35.8991784),神栖市大野原４－７
239,8406050,Point(140.6644489 35.8899991),神栖市大字溝口字甲の池４９９１－５
240,8406060,Point(140.6713908 35.87114990000001),神栖市大字知手１００－３
241,8406080,Point(140.7027292 35.8506637),神栖市大字横瀬８６６－１
242,8407010,Point(140.7415295 35.8382409),神栖市大字須田２３４０－１
243,8423040,Point(140.567393 35.9395682),潮来市大字大洲１４４６－１
244,8441010,Point(140.31192 35.962133),稲敷市江戸崎字大宿甲３２１３
245,8541010,Point(139.7677638 36.1765147),古河市下大野谷地川２４５６
246,8561510,Point(139.9744275 35.9510748),守谷市大柏９３７－２
247,9201060,Point(139.863122 36.48792),宇都宮市雀宮７丁目２８番１６号
248,9201070,Point(139.9426482 36.5081783),宇都宮市下桑島町４６５
249,9201080,Point(139.8559684 36.5908349),宇都宮市細谷１丁目４番３８号
250,9201100,Point(139.9201458 36.5674664),宇都宮市泉が丘７－１２－１４
251,9201108,Point(139.9404248 36.6004178),宇都宮市下岡本町２１４５番地１４
252,9201110,Point(139.9803186 36.5318084),宇都宮市上篭谷町１１４５
253,9201120,Point(139.8851296 36.5567672),宇都宮市中央１－１－１３
254,9201570,Point(139.8844175 36.561921),宇都宮市馬場通り１－１－１１
255,9201580,Point(139.9409774 36.5674799),宇都宮市平出町１２６０
256,9202010,Point(139.4542268 36.3521022),足利市本城３－２１４５
257,9202520,Point(139.4949175 36.2914457),足利市久保田町923
258,9203010,Point(139.7303562 36.3813923),栃木市入舟町７－２６
259,9203030,Point(139.6847564 36.2832121),栃木市藤岡８１２
260,9203520,Point(139.7460429 36.3922535),栃木市平柳町２丁目
261,9204020,Point(139.5820566 36.330908),佐野市堀米町607
262,9204530,Point(139.5611003 36.2910951),佐野市田島町１２７－３
263,9205010,Point(139.745005 36.5669749),鹿沼市今宮町１６８８－１
264,9205510,Point(139.7565829 36.5701742),鹿沼市府所本町２丁目
265,9206010,Point(139.6153356 36.7489614),日光市石屋町408-1
266,9207010,Point(139.6800109 36.7257039),日光市今市５３１
267,9207510,Point(139.6825604 36.7260667),日光市今市５１１
268,9208010,Point(139.8002801 36.313294),小山市中央町１－１－１
269,9208510,Point(139.8018195 36.3152868),小山市城山町２丁目１－２６
270,9209010,Point(140.0136724 36.4403673),真岡市荒町５１９１
271,9209510,Point(139.9942873 36.4435153),真岡市熊倉町２－５－１
272,9210010,Point(140.0155171 36.8708174),大田原市本町１－４ー１
273,9211010,Point(139.9239959 36.8062129),矢板市本町５－４
274,9211510,Point(139.9418164 36.7656467),矢板市片岡字沢橋２１６６－３９
275,9212010,Point(140.0549894 36.9688923),那須塩原市黒磯幸町８－１０
276,9216010,Point(139.8775674 36.3847082),下野市田中６８１－１
277,9301010,Point(139.9101767 36.4393022),河内郡上三川町しらさぎ１－１
278,9301510,Point(139.9074816 36.4445767),河内郡上三川町しらさぎ２－１－１１
279,9342010,Point(140.0934838 36.4673588),芳賀郡益子町益子２０３０
280,9364010,Point(139.7422865 36.2305774),下都賀郡野木町丸林６２９
281,9383010,Point(139.7151723 36.822353),日光市鬼怒川温泉大原1406-1
282,9402010,Point(140.1510903 36.6598314),那須烏山市中央１－６－９２
283,10201090,Point(139.0960211 36.4047323),前橋市上沖町３７８
284,10201510,Point(139.0428727 36.3816035),前橋市元総社町３３５元総社第二団地先国道１７号
285,10202010,Point(138.9955116 36.33801589999999),高崎市並榎町１１７－２０
286,10203010,Point(139.342672 36.4105658),桐生市仲町２－４－２１
287,10203510,Point(139.3526243 36.3695416),桐生市広沢町６－４１１－２
288,10204030,Point(139.1945766 36.31351160000001),伊勢崎市上泉町３１０
289,10204510,Point(139.2076974 36.3034767),伊勢崎市茂呂町２－２１６９－１
290,10205010,Point(139.3817322 36.2909131),太田市飯田町１１６６
291,10205510,Point(139.3868953 36.2780216),太田市飯塚町１６８４
292,10206010,Point(139.0432674 36.64710669999999),沼田市西倉内町７４６
293,10207010,Point(139.5317782 36.2499123),館林市仲町１４－１
294,10207510,Point(139.5202506 36.2351772),館林市小桑原町９４９（地上）
295,10208010,Point(138.9940146 36.4990885),渋川市渋川４２６－１
296,10208510,Point(139.0120412 36.4921403),渋川市渋川１４１３－６
297,10210010,Point(138.8939601 36.25898610000001),富岡市富岡１３５９
298,10211010,Point(138.9138437 36.323256),安中市野殿１０２６－４
299,10211040,Point(138.9277215 36.3299788),安中市岩井６１７－１
300,10211060,Point(138.8951009 36.3276673),安中市安中３－１０－４３
301,10211510,Point(138.9177641 36.3303214),安中市中宿７８３－１
302,10423010,Point(138.8275195 36.5786787),吾妻郡東吾妻町原町５２３０
303,10425010,Point(138.4937213 36.4836568),吾妻郡嬬恋村大笹１
304,10449010,Point(138.9827919 36.7304635),利根郡みなかみ町上牧１７３５
305,10464010,Point(139.1103334 36.2974922),佐波郡玉村町上之手１８４６－１
306,11110010,Point(139.7266446 35.9148962),さいたま市岩槻区大字笹久保577
307,11110510,Point(139.6815107 35.95519609999999),さいたま市岩槻区大字岩槻３７５０
308,11201030,Point(139.4866332 35.8906262),川越市砂新田１－１５
309,11201040,Point(139.4869977 35.9278059),川越市宮下町２－７－４
310,11201050,Point(139.426854 35.91932389999999),川越市伊勢原町５－４－５
311,11201510,Point(139.4926183 35.9065533),川越市仙波町４－１８－１５
312,11202040,Point(139.3886361 36.1473726),熊谷市宮町２－４７－１
313,11202510,Point(139.395017 36.163357),熊谷市肥塚５９６－１
314,11203030,Point(139.7027383 35.8008764),川口市宮町１６－１
315,11203040,Point(139.750635 35.7977241),川口市川口市東領家2-27-1
316,11203050,Point(139.7636506 35.8292566),川口市東本郷１３０１－１
317,11203060,Point(139.6861921 35.8331499),川口市芝樋ノ爪２－９
318,11203510,Point(139.7503743 35.8408796),川口市安行慈林３５６
319,11203530,Point(139.7314741 35.8535759),川口市神戸４６１
320,11204010,Point(139.6459029 35.8616328),さいたま市浦和区常盤６－４－４
321,11204040,Point(139.6654039 35.8395616),さいたま市南区根岸2-20-13
322,11204520,Point(139.6307046 35.8368235),さいたま市南区曲本1-21-1
323,11204530,Point(139.6585497 35.8309526),さいたま市南区辻8-27-25
324,11205020,Point(139.6056592 35.9519803),さいたま市北区宮原町4-129
325,11205030,Point(139.664106 35.9409328),さいたま市見沼区小深作268-19
326,11205040,Point(139.5731918 35.9228477),さいたま市西区指扇4226
327,11205050,Point(139.6738304 35.9070624),さいたま市見沼区御蔵551
328,11205120,Point(139.6290312 35.9067102),さいたま市大宮区大門町３－３
329,11205530,Point(139.5958234 35.9131412),さいたま市西区三橋5-190
330,11205540,Point(139.6445189 35.9372992),さいたま市見沼区東大宮1-100-1
331,11206020,Point(139.4758402 36.1391874),行田市長野２－３－１７
332,11207010,Point(139.0800942 35.9879187),秩父市日野田町１－１－４４
333,11208060,Point(139.5197372 35.8033447),所沢市東所沢３－２２－８
334,11208070,Point(139.4401367 35.7854852),所沢市小手指南1-25-15
335,11208090,Point(139.4835861 35.8143889),所沢市中富１６１４－２
336,11208520,Point(139.4728997 35.79936070000001),所沢市並木1-13
337,11208530,Point(139.4097976 35.8056126),所沢市和ヶ原1-175-7
338,11209010,Point(139.3269334 35.8545114),飯能市双柳75
339,11210010,Point(139.6097908 36.132313),加須市北小浜１０６０－１
340,11211010,Point(139.2010568 36.2389843),本庄市日の出4-2-45
341,11212020,Point(139.4158599 36.0311435),東松山市五領町８番地
342,11212520,Point(139.4106122 36.0530326),東松山市松山１７２１－１
343,11213010,Point(139.7019868 35.9506516),さいたま市岩槻区本町６－１８９－２
344,11214030,Point(139.7456856 35.9723261),春日部市谷原１－３
345,11214510,Point(139.7276703 35.9545853),春日部市増戸７２３－１
346,11215010,Point(139.4493025 35.859352),狭山市堀兼３６１
347,11216010,Point(139.5569825 36.1754206),羽生市藤井下組１１４
348,11217010,Point(139.5221929 36.06596),鴻巣市中央１－１
349,11217510,Point(139.5216362 36.05981939999999),鴻巣市天神１－１－２８
350,11218010,Point(139.2787963 36.1859318),深谷市上野台５０８
351,11218510,Point(139.2915319 36.1976558),深谷市原郷８０
352,11219020,Point(139.5703631 35.9769418),上尾市浅間台３－３５
353,11221050,Point(139.7956882 35.8293325),草加市西町４２５－２
354,11221510,Point(139.7905143 35.839652),草加市花栗4-15-12
355,11221520,Point(139.77671 35.847355),草加市原町２－７－１
356,11222020,Point(139.7962265 35.8959041),越谷市東越谷３－１４
357,11222030,Point(139.7638423 35.93410739999999),越谷市千間台西4-2
358,11224010,Point(139.6646544 35.81905709999999),戸田市新曽1093
359,11224510,Point(139.6425316 35.8209206),戸田市美女木５－２－１６
360,11225010,Point(139.3967361 35.8313321),入間市東町１-１６
361,11225510,Point(139.378643 35.8322468),入間市高倉５－４９１
362,11229010,Point(139.616884 35.778059),和光市諏訪３－２０
363,11229510,Point(139.614909 35.7937349),和光市新倉１－３１－１０
364,11230070,Point(139.5521867 35.7820779),新座市本多１－９－２２
365,11232010,Point(139.6623882 36.0656055),久喜市江面８５
366,11232510,Point(139.6681689 36.0701176),久喜市本町７－９１３－１
367,11234010,Point(139.8355327 35.820508),八潮市中央１－２－１
368,11235010,Point(139.5490558 35.8567086),富士見市鶴馬１８００－１
369,11235510,Point(139.5712889 35.85271520000001),富士見市下南畑2486-4
370,11237020,Point(139.8841693 35.8422674),三郷市三郷３－２－１
371,11238010,Point(139.6494849 35.9727675),蓮田市蓮田５－３０
372,11239010,Point(139.4009589 35.9714792),坂戸市芦山町１１
373,11240010,Point(139.7316932 36.0754341),幸手市幸手２２６２
374,11241510,Point(139.3996248 35.93095539999999),鶴ヶ島市太田ヶ谷６１７－１８
375,11326010,Point(139.3254848 35.9619793),入間郡毛呂山町目白台2-31-1
376,11329010,Point(139.3434724 35.8930667),日高市中鹿山８１
377,11343010,Point(139.2619009 36.0594871),比企郡小川町大塚１１０５
378,11344010,Point(139.1777779 36.0184188),秩父郡東秩父村白石６０１-２
379,11346510,Point(139.4611741 35.9795506),比企郡川島町かわじま２－１９
380,11362010,Point(139.0988043 36.0708172),秩父郡皆野町皆野1420-1
381,11382010,Point(139.1333957 36.1901088),本庄市児玉町児玉１９３－６
382,11403010,Point(139.3819898 36.2229999),熊谷市妻沼東１－１
383,11408510,Point(139.2074557 36.121908),大里郡寄居町桜沢２３４－３
384,11421010,Point(139.5597075 36.0854272),加須市上種足９１４
385,11442010,Point(139.7121998 36.0267856),南埼玉郡宮代町学園台4-1
386,12105010,Point(140.1742426 35.5546114),千葉市緑区おゆみ野中央４－３
387,12201010,Point(140.0977715 35.69410380000001),千葉市花見川区花見川４－１
388,12201020,Point(140.0688382 35.6488193),千葉市花見川区検見川町３－３２２－２３
389,12201040,Point(140.1432781 35.6649295),千葉市稲毛区山王町１２１
390,12201050,Point(140.0978705 35.6534982),千葉市稲毛区宮野木町９９６－９
391,12201070,Point(140.1818881 35.5963065),千葉市若葉区大宮台７－８－１
392,12201090,Point(140.1837585 35.6286945),千葉市若葉区千城台北１－４－１
393,12201120,Point(140.1213618 35.59697240000001),千葉市中央区寒川町１－２０５
394,12201160,Point(140.1282351 35.5835927),千葉市中央区今井１－１３－２４
395,12201180,Point(140.1310505 35.5726557),千葉市中央区蘇我２－３－１８
396,12201200,Point(140.1064992 35.6073392),千葉市中央区千葉港１－１
397,12201250,Point(140.138552 35.611391),千葉市中央区都町２－１４
398,12201260,Point(140.2578558 35.531377),千葉市緑区大椎町１２５１－３１６
399,12201300,Point(140.1205528 35.6348139),千葉市稲毛区千草台２－１３５９－１
400,12201320,Point(140.0669084 35.6340173),千葉市美浜区真砂１－１１
401,12201520,Point(140.1201511 35.6095183),千葉市中央区中央２－１－１
402,12201540,Point(140.0977401 35.6589021),千葉市花見川区宮野木台４－５２１－１
403,12201570,Point(140.067069 35.6445893),千葉市美浜区真砂５－１
404,12202090,Point(140.8255983 35.7286623),銚子市栄町２－２－１
405,12203040,Point(139.9588221 35.6960854),市川市二俣６７８
406,12203080,Point(139.954414 35.7503315),市川市大野２－１８７７
407,12203110,Point(139.9328454 35.7239425),市川市八幡３－２４－１
408,12203120,Point(139.9133061 35.6790883),市川市湊新田2-4
409,12203510,Point(139.9060251 35.7314911),市川市市川２－３３－６
410,12203520,Point(139.9206727 35.684037),市川市末広１－１－４８
411,12203550,Point(139.9226579 35.70954990000001),市川市稲荷木２丁目４番 稲荷木２丁目公園内
412,12204040,Point(139.9956824 35.7455079),船橋市丸山５－２５－１
413,12204050,Point(140.0089949 35.7271186),船橋市高根町２８９５
414,12204060,Point(140.0415732 35.7294164),船橋市高根台５－２－１
415,12204070,Point(140.0247173 35.6953637),船橋市前原西２－２８－１
416,12204100,Point(140.0608282 35.7574587),船橋市金堀町５２２－１
417,12204110,Point(139.9647304 35.7135174),船橋市印内１－２－１
418,12204140,Point(139.993363 35.6771308),船橋市若松３－２－３
419,12204150,Point(139.9772366 35.6971527),船橋市南本町１０－１
420,12204520,Point(139.9754694 35.6981038),船橋市海神町３－３９９－１
421,12204530,Point(139.9785953 35.6880639),船橋市日の出１－１６
422,12205030,Point(139.8816085 35.0184814),館山市亀ケ原７５４
423,12206010,Point(139.9253573 35.3858445),木更津市中央１－１０－１
424,12206030,Point(139.8997565 35.4211601),木更津市畔戸１５２５番地
425,12206070,Point(139.9504682 35.3812139),木更津市清見台南１－１５
426,12206080,Point(139.9042343 35.3417491),木更津市畑沢南２－１６－１
427,12206140,Point(140.0678416 35.3688946),木更津市真里谷５２４－３
428,12206520,Point(139.9382318 35.374032),木更津市請西２－１－２４
429,12206530,Point(139.9627043 35.4071326),木更津市牛袋５９１－２
430,12207010,Point(139.9033705 35.7876179),松戸市根本３８７－５
431,12207020,Point(139.9623064 35.7911332),松戸市五香西２－４０－１０
432,12207030,Point(139.9291413 35.823038),松戸市二ツ木４０－１
433,12207520,Point(139.9123927 35.7995549),松戸市上本郷２２３４－５
434,12208010,Point(139.8659565 35.9476145),野田市野田７９４－１
435,12208510,Point(139.880097 35.953403),野田市宮崎新田１３７－１
436,12209010,Point(140.5615266 35.8934843),香取市大倉２１４７－３
437,12210010,Point(140.2859778 35.434099),茂原市高師１２４７－６
438,12211040,Point(140.2950695 35.77367479999999),成田市加良部５－１１
439,12211510,Point(140.3208523 35.7781301),成田市花崎町７８９－４
440,12212040,Point(140.2064792 35.7277762),佐倉市江原新田５４－１
441,12212520,Point(140.205131 35.6846567),佐倉市山王２－３７－４
442,12213010,Point(140.368981 35.5552469),東金市堀上１１１
443,12214010,Point(140.5779348 35.7212275),匝瑳市椿９６９－１
444,12216010,Point(140.030958 35.6853688),習志野市鷺沼台１－５９１－１
445,12217020,Point(139.9717795 35.8439578),柏市永楽台２－８－１
446,12217030,Point(139.9635447 35.9015724),柏市大室１２５６
447,12217510,Point(139.9636086 35.857934),柏市旭町３－８３１－３５
448,12217520,Point(139.921008 35.8967528),柏市西原２－１１－２５
449,12218010,Point(140.2657828 35.1799832),勝浦市小羽戸５８－２
450,12219010,Point(140.1241332 35.5356071),市原市八幡８３１－２
451,12219030,Point(140.0900293 35.5199404),市原市五井５５００－１
452,12219060,Point(140.0502546 35.4787704),市原市姉崎１８５０
453,12219090,Point(140.0776785 35.4879615),市原市廿五里５５８
454,12219110,Point(140.1797728 35.4983318),市原市潤井戸２２９９－１４
455,12219120,Point(140.1508801 35.5229895),市原市辰巳台西５－１０
456,12219140,Point(140.0522701 35.4478422),市原市有秋台西２－３
457,12219180,Point(140.1351015 35.4483325),市原市松崎８２０
458,12219190,Point(140.0679921 35.5260141),市原市岩崎西１－８－８
459,12219200,Point(140.1153436 35.5103903),市原市北国分寺台３－５－１
460,12219380,Point(140.1460666 35.3335387),市原市平野１２３
461,12219390,Point(140.142491 35.4062084),市原市奉免１６６－１
462,12219520,Point(140.0829646 35.5199386),市原市五井1661
463,12220010,Point(139.9035901 35.8570293),流山市平和台１－３－１４
464,12221020,Point(140.0821774 35.716628),八千代市高津４２１－３
465,12221510,Point(140.118946 35.7323499),八千代市村上３１０３
466,12222010,Point(140.0772685 35.8623423),我孫子市湖北台４－３－１
467,12224040,Point(140.0175457 35.7935401),鎌ケ谷市軽井沢２０６０－３２
468,12224510,Point(140.0081501 35.7822144),鎌ケ谷市初富９２４－６
469,12225010,Point(139.9023381 35.3316012),君津市久保２－１１
470,12225030,Point(139.8843042 35.3435333),君津市坂田５１８
471,12225070,Point(139.9275296 35.3013114),君津市宮下１－４－１
472,12225080,Point(139.8661901 35.342859),君津市人見１１５４
473,12225090,Point(140.0533454 35.3229581),君津市俵田１１１０
474,12225120,Point(139.9698313 35.3055301),君津市糠田５５
475,12226010,Point(139.852887 35.3218906),富津市下飯野１１３５
476,12227510,Point(139.9108242 35.655035),浦安市美浜４－６
477,12228010,Point(140.1708865 35.6678777),四街道市鹿渡８０９－２
478,12230010,Point(140.3118002 35.6729414),八街市八街ほ２０８－１０６
479,12301020,Point(139.9012134 35.6552406),浦安市猫実１－２－７
480,12303010,Point(139.8141856 36.0477601),野田市桐ケ作４１５－１
481,12305510,Point(140.002113 35.8406241),柏市大津ヶ丘２－１
482,12326010,Point(140.0446776 35.7985543),白井市七次台３－２２
483,12327010,Point(140.1395164 35.7957276),印西市高花１－３
484,12329010,Point(140.2465786 35.8460503),印旛郡栄町安食台４－３４－１
485,12343010,Point(140.4205247 35.8523869),成田市奈土1044
486,12344020,Point(140.6002988 35.8466005),香取市羽根川５５－５
487,12345020,Point(140.6059434 35.7901177),香取市府馬３４２９－４
488,12408010,Point(140.4842145 35.6553864),山武郡横芝光町横芝１８００
489,12409010,Point(140.4140222 35.7206815),山武郡芝山町山田１０６５
490,12421020,Point(140.3798435 35.348911),長生郡一宮町東浪見１５１６－２
491,12463010,Point(139.8353306 35.1110554),安房郡鋸南町下佐久間３４５８
492,12481010,Point(139.9533725 35.4287384),袖ケ浦市坂戸市場４４
493,12481040,Point(140.0279697 35.4557607),袖ケ浦市代宿３０５
494,12481050,Point(140.0022961 35.4144862),袖ケ浦市三ッ作７４１
495,12481060,Point(140.0282756 35.4291604),袖ケ浦市蔵波９９５ー７
496,12481070,Point(140.0084012 35.3651236),袖ケ浦市吉野田１９８
497,12481080,Point(140.0345446 35.3903778),袖ケ浦市横田５００
498,12481090,Point(140.0702598 35.4241348),袖ケ浦市川原井１８７１－１１
499,12481160,Point(140.0036082 35.4496582),袖ケ浦市長浦駅前６－１－４
500,12481510,Point(139.9682273 35.4322751),袖ケ浦市福王台４－１０－４
501,12481520,Point(140.0160722 35.4222118),袖ケ浦市大曽根１９９０
502,13101010,Point(139.7679463 35.692767),千代田区神田司町２丁目２番地
503,13101510,Point(139.7537719 35.6940309),千代田区
504,13101520,Point(139.7537719 35.6940309),千代田区
505,13102010,Point(139.7793661 35.6564166),中央区晴海三丁目６番１号
506,13102510,Point(139.7817278 35.6788955),中央区新川一丁目３番１号
507,13103010,Point(139.7355846 35.6422585),港区高輪一丁目6番
508,13103510,Point(139.740135 35.6381278),港区高輪２－２０
509,13104010,Point(139.7113021 35.6837071),新宿区内藤町１１
510,13104540,Point(139.7113021 35.6837071),新宿区内藤町１１
511,13104550,Point(139.703742 35.7167454),新宿区下落合二丁目２番地先
512,13105010,Point(139.7555691 35.7331806),文京区本駒込四丁目35番15号
513,13105530,Point(139.7346645 35.7194287),文京区大塚３－５－１
514,13106520,Point(139.793248 35.7292203),台東区三ノ輪２－５地先
515,13107520,Point(139.815146 35.7202019),墨田区東向島１－３４
516,13108010,Point(139.8276492 35.689975),江東区大島３－１－３
517,13108020,Point(139.7785345 35.6324902),港区台場１－３－１
518,13108520,Point(139.8356927 35.6967785),江東区亀戸７－４２
519,13108530,Point(139.8102702 35.6499989),江東区辰巳一丁目９番地先
520,13109010,Point(139.7209595 35.6108138),品川区豊町２－１－２０
521,13109030,Point(139.7514887 35.6007707),品川区八潮５－１１－１７
522,13109510,Point(139.7406755 35.6165235),品川区北品川３－１１－２２
523,13109520,Point(139.719059 35.6204066),品川区西五反田７－２５－１
524,13110010,Point(139.6821513 35.6194814),目黒区碑文谷４－１９－２５
525,13110510,Point(139.6903398 35.6525728),目黒区青葉台３－６
526,13110530,Point(139.6791349 35.6232078),目黒区柿の木坂１－１－４
527,13111010,Point(139.7396494 35.5575322),大田区東糀谷１－２１－１５
528,13111520,Point(139.7098858 35.5963547),大田区中馬込２－１７先
529,13111530,Point(139.6930952 35.6018959),大田区南千束１－３３－１
530,13111540,Point(139.686531 35.5731466),大田区千鳥３丁目３－３１先
531,13112010,Point(139.6528218 35.646004),世田谷区世田谷４－２１－２７
532,13112020,Point(139.5957727 35.6519663),世田谷区成城９－２５－１
533,13112510,Point(139.6639875 35.6353695),世田谷区上馬４－１－３
534,13112520,Point(139.613017 35.6660458),世田谷区粕谷２－１９
535,13113010,Point(139.6985104 35.6641008),渋谷区宇田川町１－１
536,13113510,Point(139.6619497 35.6727047),渋谷区笹塚１－６４－１９
537,13114010,Point(139.6410647 35.7191824),中野区若宮三丁目53番
538,13114510,Point(139.6824869 35.70038820000001),中野区中央2-18-21
539,13115010,Point(139.6023409 35.6906352),杉並区久我山５－３６－１７
540,13115550,Point(139.6198683 35.719092),杉並区下井草四丁目３番１号
541,13116530,Point(139.7262368 35.7418787),豊島区西巣鴨２－３９－５
542,13117520,Point(139.7357443 35.7666518),北区王子５丁目２９番
543,13118010,Point(139.7891857 35.7331499),荒川区南千住１－４－１１
544,13119010,Point(139.707651 35.7538045),板橋区氷川町１３－１
545,13119510,Point(139.7054233 35.7609043),板橋区大和町１４－１２
546,13120010,Point(139.664222 35.7653547),練馬区北町１－１４－１１
547,13120020,Point(139.5990181 35.7377286),練馬区石神井町５－２４地先
548,13120030,Point(139.6525779 35.7433165),練馬区練馬２－２７－２８
549,13121010,Point(139.7762232 35.7800681),足立区西新井６－２１－３
550,13121020,Point(139.8257782 35.7697167),足立区綾瀬６－２３
551,13121510,Point(139.8045157 35.77453510000001),足立区中央本町１－１７
552,13122010,Point(139.8776074 35.744251),葛飾区鎌倉２丁目２１番４号
553,13122020,Point(139.8692678 35.7864558),葛飾区水元公園３－２
554,13122520,Point(139.8530976 35.7608755),葛飾区亀有二丁目７５番１号
555,13123010,Point(139.8859668 35.7099429),江戸川区鹿骨１－１５－１
556,13123020,Point(139.8773135 35.6821907),江戸川区春江町５－３ー３
557,13123030,Point(139.871021 35.6536708),江戸川区南葛西１－１１－１
558,13201020,Point(139.3398327 35.6449805),八王子市片倉町５５３番地
559,13201040,Point(139.287173 35.6283426),八王子市館町１０９７－６６
560,13201060,Point(139.2930374 35.6714287),八王子市大楽寺町４１９－１
561,13201510,Point(139.3210684 35.66185249999999),八王子市八木町８
562,13202010,Point(139.4078627 35.7139094),立川市泉町１１５６－９
563,13203010,Point(139.5562603 35.7129334),武蔵野市関前３－２－２０
564,13203510,Point(139.5385007 35.7110151),武蔵野市関前５－２１
565,13204510,Point(139.560947 35.6924964),三鷹市下連雀７丁目１５番４号
566,13205010,Point(139.2752717 35.7906682),青梅市東青梅１－１１－１
567,13206010,Point(139.477549 35.6689308),府中市宮西町２－２４
568,13208020,Point(139.5553302 35.6664505),調布市深大寺南町４－１６－２３
569,13209010,Point(139.4529557 35.5357835),町田市金森1-22
570,13209020,Point(139.4834704 35.5870987),町田市能ケ谷町１５１２
571,13210010,Point(139.5063669 35.7040292),小金井市本町６－６－３
572,13211010,Point(139.4765433 35.7277805),小平市小川町２－１３２５
573,13212520,Point(139.4330685 35.6560905),日野市落川９４６番地先
574,13213510,Point(139.4660197 35.752624),東村山市本町１－１０先
575,13215510,Point(139.4321945 35.6821067),国立市谷保６２０８
576,13216010,Point(139.5343932 35.7280748),西東京市田無町４－１５－１１
577,13217010,Point(139.5580759 35.7496954),西東京市下保谷一丁目４番
578,13217510,Point(139.5529825 35.7247401),西東京市柳沢２－１８先
579,13218010,Point(139.3267764 35.7386543),福生市本町５
580,13219010,Point(139.570463 35.6351588),狛江市中和泉３－４－１０
581,13220010,Point(139.4253255 35.7509319),東大和市奈良橋４－５７３
582,13221010,Point(139.521002 35.7797407),清瀬市上清戸２－６－４１
583,13222510,Point(139.5216362 35.7514113),東久留米市中央町６－９－１
584,13224010,Point(139.4319861 35.6332618),多摩市愛宕１－６５－１
585,13303520,Point(139.336038 35.7749305),西多摩郡瑞穂町長岡１－１０
586,13421950,Point(142.2151268 27.0960623),小笠原村父島旭山地内
587,14101010,Point(139.6849913 35.5003919),横浜市鶴見区本町通４－１７１－２３
588,14101020,Point(139.6707013 35.4956192),横浜市鶴見区生麦４－１５－１
589,14101520,Point(139.675406 35.5227127),横浜市鶴見区下末吉２－２５－６
590,14102010,Point(139.6292834 35.4771023),横浜市神奈川区広台太田町３－８
591,14103010,Point(139.6156393 35.4576874),横浜市西区平沼２－１１－３６
592,14103510,Point(139.6114949 35.4653692),横浜市西区浅間町１－１６
593,14104020,Point(139.6488806 35.4193072),横浜市中区根岸加曽台１－１
594,14104030,Point(139.6624281 35.4151966),横浜市中区本牧大里町１５５－１８
595,14105020,Point(139.610123 35.4343409),横浜市南区南太田２－３０－１
596,14106010,Point(139.5855624 35.4520062),横浜市保土ヶ谷区桜ヶ丘２－１５－１
597,14107010,Point(139.6184164 35.402381),横浜市磯子区磯子３－５－１
598,14107520,Point(139.6245683 35.4207697),横浜市磯子区滝頭３－１－６８
599,14108020,Point(139.6316151 35.36122230000001),横浜市金沢区富岡東６－１６－１
600,14109040,Point(139.6330203 35.518987),横浜市港北区大豆戸町２６－１
601,14110050,Point(139.5138459 35.3977109),横浜市戸塚区汲沢３－６－１
602,14110510,Point(139.5257126 35.3986601),横浜市戸塚区戸塚町４２７２
603,14111020,Point(139.5706101 35.3867642),横浜市港南区野庭町６３０
604,14111520,Point(139.5904691 35.4016667),横浜市港南区港南中央通６－１
605,14112020,Point(139.5520672 35.4719976),横浜市旭区鶴ヶ峰町１－４２
606,14112510,Point(139.5213351 35.4856466),横浜市旭区都岡町４－８
607,14113020,Point(139.5265331 35.5160013),横浜市緑区三保町１８６７
608,14113510,Point(139.5152296 35.539608),横浜市青葉区しらとり台５
609,14113520,Point(139.5658493 35.5354357),横浜市都筑区平台２７－１
610,14114020,Point(139.4867465 35.45744730000001),横浜市瀬谷区南瀬谷１－１－１
611,14115010,Point(139.5716437 35.357639),横浜市栄区犬山町６－１
612,14116010,Point(139.4898296 35.425629),横浜市泉区和泉町４６３６－２
613,14117010,Point(139.5362099 35.553844),横浜市青葉区市ヶ尾町３１－４
614,14118010,Point(139.5706659 35.544799),横浜市都筑区茅ヶ崎中央３２－１
615,14131020,Point(139.7340411 35.5319906),川崎市川崎区台町２６－７
616,14131030,Point(139.7117829 35.5149206),川崎市川崎区田島町２０－１５
617,14131100,Point(139.7036123 35.5319907),川崎市川崎区宮本町3-3
618,14131510,Point(139.7028959 35.530861),川崎市川崎区宮本町１番地
619,14131530,Point(139.7292786 35.5209026),川崎市川崎区池上町３
620,14131540,Point(139.6943732 35.5234828),川崎市川崎区日進町２３－１
621,14132060,Point(139.6863924 35.5444024),川崎市幸区戸手本町１－１１－３
622,14132510,Point(139.6918181 35.5433476),川崎市幸区遠藤町１
623,14133010,Point(139.6559439 35.5759815),川崎市中原区小杉町３－２４５
624,14133520,Point(139.6589513 35.568787),川崎市中原区木月住吉町３３－１
625,14134010,Point(139.614022 35.598802),川崎市高津区溝口１－６－１０
626,14134530,Point(139.6144841 35.6080779),川崎市高津区溝口５－１５－７
627,14135070,Point(139.5150547 35.6024229),川崎市麻生区百合丘２－１０
628,14135080,Point(139.5587687 35.62262080000001),川崎市多摩区登戸１３２９
629,14135530,Point(139.4975649 35.5914051),川崎市麻生区片平２－３０－７
630,14135540,Point(139.574451 35.616606),川崎市多摩区宿河原２－５９－２
631,14136010,Point(139.5858961 35.5889618),川崎市宮前区宮前平３－１４－１
632,14136510,Point(139.5801042 35.58478059999999),川崎市宮前区土橋２－１－１
633,14153510,Point(139.421767 35.552819),相模原市南区古淵３－１１４－１
634,14201020,Point(139.6317448 35.3182278),横須賀市夏島町９
635,14201040,Point(139.6259237 35.221488),横須賀市長坂１－２－２
636,14201050,Point(139.7060151 35.2266534),横須賀市久里浜６－１４－２
637,14201530,Point(139.6704215 35.2829123),横須賀市小川町3番地
638,14203030,Point(139.3629748 35.3762374),平塚市田村６－１－１
639,14203040,Point(139.3091998 35.334984),平塚市河内３０７
640,14203050,Point(139.3455297 35.31912519999999),平塚市龍城ヶ丘５－６２
641,14203100,Point(139.3547836 35.3556141),平塚市東真土2-12-1
642,14203510,Point(139.3562292 35.3335398),平塚市天沼２－５
643,14204010,Point(139.5471289 35.3192067),鎌倉市御成町１８－１０
644,14204530,Point(139.5209463 35.3488347),鎌倉市岡本１０１８
645,14205010,Point(139.4918806 35.3388323),藤沢市朝日町１－１
646,14205030,Point(139.467352 35.4012915),藤沢市湘南台5-23
647,14205040,Point(139.4168038 35.403358),藤沢市打戻１９０２
648,14205050,Point(139.4492865 35.3402423),藤沢市辻堂新町１－１１－２３
649,14205510,Point(139.4849011 35.3473974),藤沢市藤沢１－１
650,14206010,Point(139.1522272 35.2644846),小田原市荻窪３００
651,14206510,Point(139.1586252 35.2506153),小田原市本町１－５－１２
652,14207010,Point(139.4036328 35.3337929),茅ヶ崎市茅ケ崎１－１－１
653,14207510,Point(139.4027683 35.3336185),茅ヶ崎市茅ヶ崎１－２３４０－１
654,14208020,Point(139.5803997 35.295594),逗子市逗子５－２－１６
655,14208520,Point(139.5802054 35.2953326),逗子市逗子５－１０－１９
656,14209010,Point(139.3731743 35.5714754),相模原市中央区中央2丁目11番15号
657,14209020,Point(139.4078149 35.521846),相模原市南区桜台20番地1
658,14209030,Point(139.3434209 35.5991221),相模原市緑区橋本6丁目15番27号
659,14209040,Point(139.3344765 35.5481299),相模原市中央区田名４９８７－６
660,14209050,Point(139.2565095 35.5864859),相模原市緑区中野633
661,14209530,Point(139.3567039 35.5485606),相模原市中央区上溝2322番地2
662,14210010,Point(139.6207388 35.1446882),三浦市城山町５－１
663,14211010,Point(139.2239719 35.374649),秦野市文京町２５８１－１５
664,14211510,Point(139.2303028 35.3714959),秦野市本町１－１０－１４
665,14212020,Point(139.3634111 35.44047),厚木市中町１－８－１１
666,14212520,Point(139.3678037 35.4666052),厚木市金田１７２
667,14212530,Point(139.3576209 35.4452165),厚木市水引２－３－１
668,14213010,Point(139.4579964 35.4875298),大和市下鶴間１－１－１
669,14213510,Point(139.466145 35.4718748),大和市深見台４－１
670,14214020,Point(139.3150843 35.4033424),伊勢原市田中３４８
671,14214510,Point(139.2789768 35.3899778),伊勢原市大住台１－１－１
672,14215010,Point(139.3908038 35.446427),海老名市勝瀬１７５
673,14216020,Point(139.407704 35.488636),座間市緑ヶ丘１－１－１
674,14217020,Point(139.1157538 35.3107433),南足柄市生駒３３０－１
675,14218010,Point(139.4263217 35.4371591),綾瀬市早川５５０
676,14321010,Point(139.3837609 35.3726054),高座郡寒川町宮山１６５
677,14382010,Point(139.0497132 35.2540924),足柄下郡箱根町宮城野626-11
678,14401010,Point(139.3223763 35.5286217),愛甲郡愛川町角田１０４－４
679,15102510,Point(139.0911366 37.9341361),新潟市東区藤見町１丁目２３番５７号
680,15108010,Point(138.8840891 37.7588032),新潟市西蒲区巻甲６３５番地
681,15201060,Point(139.0794313 37.9353337),新潟市東区大山２丁目１１番２号
682,15201150,Point(139.2202278 37.9812255),新潟市北区太郎代４７２番地
683,15201220,Point(139.0782901 37.9203509),新潟市東区山木戸１丁目１番２０号
684,15201270,Point(139.1440766 37.9562555),新潟市北区松浜５丁目１２番２号
685,15201322,Point(139.0363548 37.9162257),新潟市中央区学校町通１番町６０２番地１
686,15201410,Point(138.9869852 37.8805093),新潟市西区坂井東１丁目２番１号
687,15201420,Point(139.2268962 37.9167461),新潟市北区朝日町４丁目１番２号
688,15201430,Point(139.1016698 37.8721378),新潟市江南区亀田緑町１丁目２番８号
689,15201560,Point(139.0691899 37.9150401),新潟市中央区中央区長嶺町１１０番１
690,15201570,Point(139.0159176 37.7645821),新潟市南区白根１４０７番地
691,15202080,Point(138.8391709 37.4390233),長岡市幸町２－７－７０
692,15202510,Point(138.861469 37.4703078),長岡市城岡２－９３８－３
693,15205060,Point(138.579031 37.3676078),柏崎市三和町5-55
694,15206050,Point(139.330271 37.95293119999999),新発田市中央町５－８２１
695,15207020,Point(139.1195588 37.7911829),新潟市秋葉区新栄町４番１号
696,15212010,Point(139.474629 38.227776),村上市塩町５１３９番１
697,15213010,Point(138.9221494 37.6693936),燕市白山町３丁目２５２６－７
698,15216010,Point(137.8531416 37.0416892),糸魚川市横町３丁目２５７－７
699,15217050,Point(138.2570833 37.0397632),妙高市大崎町３２２－２０
700,15222190,Point(138.2711028 37.1622865),上越市大字三橋８４０
701,15224010,Point(138.3958256 37.9887519),佐渡市畑野甲５１－１
702,15224950,Point(138.4232742 38.2340537),佐渡市関204
703,15307020,Point(139.2790427 38.0116167),北蒲原郡聖籠町大字次第浜字突上２９７１－１
704,15307080,Point(139.2387925 37.9544644),北蒲原郡聖籠町大字藤寄字権現堂２８００－８
705,15310010,Point(139.4068027 38.0577552),胎内市東本町１６－５７
706,15463010,Point(138.8684775 37.0576786),南魚沼市六日町620-2
707,15543010,Point(138.2729815 37.1922838),上越市大字黒井字馬ノ口３９－３地先
708,15563170,Point(137.8134642 36.9909975),糸魚川市大字田海５４１８
709,16201021,Point(137.2031287 36.6943114),富山市安野屋町１－１－４２
710,16201110,Point(137.3054004 36.7490583),富山市水橋畠等２９８－１１
711,16201140,Point(137.2215421 36.654799),富山市赤田５０－１
712,16201400,Point(137.2331301 36.7425277),富山市蓮町４－３－１０
713,16201510,Point(137.2115311 36.6930988),富山市本丸１
714,16201520,Point(137.2359058 36.7222389),富山市豊田町２－９３－１
715,16202060,Point(137.0564571 36.79397540000001),高岡市伏木東一宮１－６
716,16202520,Point(137.0194935 36.7590496),高岡市大坪町
717,16203030,Point(137.1475746 36.76380270000001),射水市東明中町５－３
718,16204090,Point(137.4080761 36.8288656),魚津市北鬼江１－１０７－１
719,16205180,Point(136.9919991 36.8437282),氷見市窪１２４１
720,16206240,Point(137.3492112 36.7508582),滑川市上島４７１
721,16207011,Point(137.4458386 36.8830286),黒部市植木１１８
722,16208120,Point(136.9892421 36.6291085),砺波市太田１４３９
723,16209100,Point(136.8710475 36.6727774),小矢部市泉町６２４
724,16342060,Point(137.5054376 36.9363581),下新川郡入善町入膳３９４５
725,16362010,Point(137.1533565 36.6581297),富山市笹倉１２９
726,16381010,Point(137.0996556 36.7002692),射水市中太閣山１７－１
727,16408060,Point(136.9087054 36.5981836),南砺市柴田屋１５３
728,17201090,Point(136.6061372 36.5526505),金沢市新保本１－１４９
729,17201110,Point(136.6772214 36.5561283),金沢市小立野５－１１－１
730,17201290,Point(136.6507388 36.5670356),金沢市長町１－１０－３５
731,17201300,Point(136.6355342 36.5898381),金沢市西念３－４－２５
732,17201310,Point(136.603013 36.598011),金沢市寺中町へ－６０
733,17201320,Point(136.6758186 36.5950351),金沢市小坂町北９５
734,17201550,Point(136.655011 36.5720051),金沢市武蔵町１５－１
735,17201560,Point(136.6517671 36.5601426),金沢市片町２－２－２０
736,17201650,Point(136.6488859 36.5278205),金沢市山科1丁目地内
737,17202190,Point(136.9489741 37.0500257),七尾市小島町二３３－４
738,17202200,Point(136.9274598 37.0804681),七尾市石崎町香島１丁目９６
739,17202240,Point(137.01172 37.0623092),七尾市大田町赤崎
740,17203140,Point(136.4613455 36.4081689),小松市園町ホ８２
741,17204010,Point(136.9570098 37.2953024),輪島市三井町洲衛１０部１１番１
742,17205020,Point(137.2700595 37.4414281),珠洲市野々江町シ部３２
743,17206010,Point(136.3156813 36.3022064),加賀市大聖寺南町二２１
744,17207010,Point(136.7784319 36.8926336),羽咋市旭町ユ２０
745,17208010,Point(136.5633768 36.51968069999999),白山市馬場２－７
746,17208020,Point(136.5759986 36.4706986),白山市山島台４ー８１
747,17321010,Point(136.4553535 36.4464386),能美市浜町ワ７２－１
748,17342010,Point(136.4767669 36.4733797),白山市湊町３－５
749,17344520,Point(136.6008578 36.5464656),野々市市御経塚5丁目84番地
750,17361010,Point(136.7278147 36.6685908),河北郡津幡町加賀爪ニ３
751,17365010,Point(136.6295955 36.6337294),河北郡内灘町緑台１－２７２
752,17401010,Point(136.8928695 37.0612656),七尾市田鶴浜町ニ１２０
753,17404010,Point(136.9170166 36.9663847),鹿島郡中能登町井田イ-２７
754,17405010,Point(136.9963988 37.1219596),七尾市能登島向田町馬付谷内３８
755,18201040,Point(136.2228653 36.0557685),福井市豊島２丁目５番２６号
756,18201060,Point(136.0996008 36.1468082),福井市石橋町３２字イノ上２５４－１
757,18201070,Point(136.2740169 36.0518113),福井市河水町18-8
758,18201540,Point(136.2315365 36.031118),福井市下六条町１７字立原２番
759,18202020,Point(136.0617979 35.6538374),敦賀市松栄町７番２８
760,18202190,Point(136.0530522 35.6285461),敦賀市新和町２丁目３３番１号
761,18202530,Point(136.0663554 35.6315696),敦賀市古田刈６６号１３０３番地
762,18203010,Point(136.1585528 35.9082123),越前市平出１丁目６番１号
763,18203100,Point(136.2247956 35.8949141),越前市上真柄町４４－６
764,18203110,Point(136.1716563 35.9211463),越前市家久町１０５－１３
765,18203120,Point(136.066801 35.8789555),越前市越前市丸岡町 31-37-5
766,18204010,Point(135.7491371 35.4982926),小浜市千種１－６－１３
767,18205010,Point(136.4879846 35.9916181),大野市水落町７－２１
768,18207010,Point(136.1840498 35.9701608),鯖江市水落町４丁目１３番２３号
769,18207050,Point(136.1933469 35.9797543),鯖江市御幸町３丁目
770,18207080,Point(136.199426 35.9371206),鯖江市定次町４２番地
771,18207520,Point(136.1878136 35.9615906),鯖江市水落町２丁目３０－１
772,18361010,Point(136.1440042 36.1903645),坂井市山岸３１字１番地
773,18363010,Point(136.2285256 36.2121657),あわら市市姫２丁目２－１０
774,18363020,Point(136.2686225 36.1972996),あわら市中川１８号１０番
775,18366010,Point(136.2262878 36.1663818),坂井市上新庄２８番２１
776,18381010,Point(136.2472179 35.9191911),越前市定友２１－５－１
777,18441010,Point(135.9092309 35.5489531),三方上中郡若狭町中央１－２
778,19201011,Point(138.5683089 35.6620982),甲府市丸の内１－１８－１
779,19201020,Point(138.5499996 35.6721125),甲府市富士見１－７－３１
780,19201510,Point(138.558107 35.6362127),甲府市国母６－５－１
781,19202030,Point(138.8010438 35.4805617),富士吉田市上吉田１丁目２－５
782,19204010,Point(138.8970679 35.5398),都留市田原三丁目３－３
783,19205020,Point(138.7129066 35.7037494),甲州市塩山上塩後１２３９－１
784,19206010,Point(138.9338621 35.6081699),大月市大月町花咲１６０８－３
785,19207030,Point(138.4586601 35.70077740000001),韮崎市本町４丁目２－４
786,19321030,Point(138.6601942 35.6485351),笛吹市石和町上平井1047-1
787,19366010,Point(138.4462495 35.2896864),南巨摩郡南部町南部9103-3
788,19390030,Point(138.4953278 35.6050435),南アルプス市鏡中條１６４２－２
789,19441030,Point(139.1087935 35.630171),上野原市上野原３８３２
790,20201030,Point(138.173771 36.6356949),長野市安茂里米村１９７８
791,20201070,Point(138.2179159 36.6673422),長野市吉田１丁目２－４０
792,20201110,Point(138.1436485 36.5800196),長野市篠ノ井布施高田下居坂７０１－１
793,20201140,Point(138.2062966 36.6046906),長野市真島町真島２２６８－１
794,20201150,Point(138.2822794 36.7119053),長野市豊野町豊野６３１
795,20201510,Point(138.1871296 36.5975303),長野市小島田町８０５－１１
796,20201520,Point(138.190476 36.6500571),長野市大字鶴賀上千歳町１３６５－２
797,20202050,Point(137.9435318 36.2348871),松本市島立１０２０
798,20202510,Point(137.9552219 36.2304235),松本市渚４５
799,20203010,Point(138.2603884 36.4006858),上田市材木町１－２－６
800,20204510,Point(138.0505925 36.1288316),岡谷市今井１６６０－３
801,20205010,Point(137.8294179 35.5137784),飯田市追手町２－６７８
802,20206010,Point(138.1073764 36.0339667),諏訪市上川１－１６４４－１０
803,20207010,Point(138.3115531 36.6551775),須坂市須坂山崎８１２－２
804,20208020,Point(138.4366118 36.3263894),小諸市与良町6-5-5
805,20209010,Point(137.9577936 35.8401194),伊那市荒井３４９７
806,20211010,Point(138.3726244 36.7449795),中野市中央１－４－１９
807,20212160,Point(137.8621682 36.5078617),大町市大町１０５８－２
808,20216510,Point(138.1213004 36.5413588),千曲市粟佐１０６４－４
809,20217020,Point(138.4615629 36.2295551),佐久市跡部６５－１
810,20421030,Point(137.6879986 35.8390986),木曽郡木曽町福島2757-1
811,20485950,Point(137.8162936 36.7352035),北安曇郡白馬村北城4488-227
812,21201010,Point(136.7589202 35.4222141),岐阜市八ツ寺町1-7
813,21201020,Point(136.7511741 35.385969),岐阜市茜部菱野２－１１５～１１８
814,21201030,Point(136.7719591 35.457029),岐阜市福光東３－１９
815,21201520,Point(136.7575191 35.4237855),岐阜市明徳町１１
816,21202020,Point(136.6113011 35.3579319),大垣市西外側町２－４９
817,21202050,Point(136.6242418 35.3410761),大垣市築捨町１－１５９－２
818,21202510,Point(136.6216697 35.35264530000001),大垣市禾森町４－４９
819,21203010,Point(137.252156 36.146145),高山市花岡町２－１８
820,21205360,Point(136.9180744 35.4921453),関市西本郷通４丁目２番９号
821,21206010,Point(137.5006558 35.4875251),中津川市かやの木町２－１
822,21208010,Point(137.2554376 35.3618194),瑞浪市上平町１－２９
823,21209020,Point(136.7027971 35.3197801),羽島市竹鼻町８６
824,21210501,Point(137.433032 35.449862),恵那市長島町正家後田１０６７－７１
825,21211010,Point(137.030104 35.4535332),美濃加茂市新池町３－４－１
826,21212510,Point(137.1753647 35.3573259),土岐市泉池ノ上町２－３
827,21213020,Point(136.8791195 35.4104376),各務原市蘇原中央町２－１－２
828,21214510,Point(137.0454931 35.4335822),可児市今渡１６８０
829,21215950,Point(136.68265 35.5774358),山県市長滝釜ヶ谷27-7-3
830,21218010,Point(136.6574838 35.4333158),本巣市下真桑1000
831,21220010,Point(137.2074429 35.8841895),下呂市萩原町羽根２６０５－１
832,21541010,Point(137.1698897 35.3022716),多治見市１１９４番地の１
833,22102010,Point(138.4184995 34.9510998),静岡市駿河区宮竹2-11-1
834,22103010,Point(138.4477689 35.0021953),静岡市清水区草薙3-9-20
835,22132540,Point(137.7864167 34.7309131),浜松市東区安新町１８１－２
836,22135010,Point(137.5560849 34.8031164),浜松市北区三ヶ日町三ヶ日500番地の1
837,22137010,Point(137.8160709 34.8726387),浜松市天竜区二俣町二俣481番地
838,22201030,Point(138.4066959 34.9960412),静岡市葵区沓谷５丁目４７－１
839,22201060,Point(138.3682366 34.9376858),静岡市駿河区みずほ３丁目９－１
840,22201090,Point(138.3366179 34.9856239),静岡市葵区羽鳥6-9-1
841,22201500,Point(138.3802631 34.9701157),静岡市葵区常磐町３丁目１－１
842,22201530,Point(138.3339796 34.9395167),静岡市葵区丸子5491-2
843,22202040,Point(137.7154234 34.7028525),浜松市中区鴨江２－１７－１
844,22202080,Point(137.6689744 34.7270705),浜松市西区神ヶ谷町３４９０
845,22202120,Point(137.7728225 34.7567388),浜松市東区大瀬町2218
846,22202150,Point(137.7648676 34.6936794),浜松市南区芳川町８０
847,22202160,Point(137.7163502 34.7625729),浜松市中区高丘東３－５１－１
848,22202520,Point(137.7279959 34.70546830000001),浜松市中区伝馬町３１１－１４
849,22202530,Point(137.7492291 34.7072769),浜松市中区相生町２３－２
850,22203010,Point(138.8566554 35.1069864),沼津市高島本町１－３
851,22204010,Point(138.4895816 35.0157291),静岡市清水区旭町６－８
852,22204020,Point(138.5217943 35.0009337),静岡市清水区三保１０６９－１
853,22204090,Point(138.4712296 35.0492781),静岡市清水区庵原２４５
854,22204100,Point(138.52772 35.0605373),静岡市清水区興津中町１２８８
855,22204510,Point(138.4849112 35.0421505),静岡市清水区庵原町９７－２
856,22205010,Point(139.0687318 35.0956064),熱海市水口町１３－１５
857,22206010,Point(138.9186068 35.1183974),三島市北田町４－４７
858,22206510,Point(138.9171345 35.1117417),三島市南田町２８８－１
859,22207010,Point(138.6216999 35.2220957),富士宮市弓沢町１５０
860,22208020,Point(139.1020812 34.9656121),伊東市大原２丁目１番１号
861,22209010,Point(138.1760238 34.8363491),島田市中央町１－１
862,22210010,Point(138.6774781 35.1540954),富士市津田 216-4
863,22210020,Point(138.7157909 35.17063479999999),富士市比奈２１２６
864,22210030,Point(138.6861088 35.1845488),富士市広見本町１－１
865,22210040,Point(138.7038898 35.1389897),富士市鈴川中町２８－１
866,22210050,Point(138.6482895 35.1907845),富士市久沢２－３－１
867,22210060,Point(138.6873481 35.212562),富士市大渕２９２０
868,22210070,Point(138.6468898 35.1624746),富士市中島３２０－１
869,22210160,Point(138.7640341 35.1497288),富士市西船津２２０
870,22210170,Point(138.5998848 35.1758502),富士市南松野１４７６
871,22210510,Point(138.6651499 35.1566585),富士市蓼原２８－１１地先
872,22210520,Point(138.6576871 35.1346961),富士市宮島１４２５－３地先
873,22211010,Point(137.8508728 34.7171835),磐田市国府台６－１
874,22212010,Point(138.3122149 34.8648717),焼津市焼津２丁目１０－２８
875,22213010,Point(137.9976964 34.769027),掛川市長谷1-1-１
876,22213510,Point(138.0174331 34.7810373),掛川市下西郷１１２番地地先
877,22214010,Point(138.269266 34.848539),藤枝市高柳２－３６１－３
878,22214510,Point(138.2712184 34.8764267),藤枝市郡９７０
879,22215010,Point(138.9341083 35.3088081),御殿場市萩原４８３
880,22216010,Point(137.9248349 34.7502332),袋井市新屋一丁目１番地の１
881,22218010,Point(137.7915988 34.7918944),浜松市浜北区横須賀８００
882,22219010,Point(138.9452334 34.6795476),下田市東本郷１丁目５－１８
883,22220010,Point(138.9076905 35.1794563),裾野市石脇字佐野堰５５７番１
884,22221010,Point(137.5316085 34.7184684),湖西市吉美３２６８
885,22327010,Point(138.9580767 35.0121162),伊豆の国市田京山崎７４０－５
886,22381010,Point(138.6230211 35.14851),富士市岩渕８５５－３
887,22382010,Point(138.5969257 35.1180803),静岡市清水区清水区蒲原新田2-2319-1
888,22402010,Point(138.2930268 34.8076588),焼津市宗高428
889,22423010,Point(138.2246211 34.7399973),牧之原市静波４４７－１
890,22447010,Point(138.055009 34.6658332),掛川市三俣６２０
891,22522010,Point(137.670722 34.8345381),浜松市北区引佐町井伊谷616-5
892,23101010,Point(136.9755257 35.1755997),名古屋市千種区鹿子殿２１－１
893,23103011,Point(136.9072677 35.1969562),名古屋市北区田幡２－４－５
894,23103020,Point(136.902328 35.2110807),名古屋市北区福徳町広瀬島３５０－４
895,23104510,Point(136.8839871 35.2045697),名古屋市西区新福寺町２－１－２
896,23105050,Point(136.8627935 35.1696351),名古屋市中村区名楽町４－７－１８
897,23106018,Point(136.8998058 35.1601378),名古屋市中区大須２丁目４０４番地先
898,23107020,Point(136.960426 35.1442526),名古屋市昭和区滝川町１３１
899,23109520,Point(136.9024063 35.1319576),名古屋市熱田区旗屋一丁目10-45
900,23110040,Point(136.8803126 35.1375442),名古屋市中川区元中野町２－１１
901,23110050,Point(136.8127001 35.1404408),名古屋市中川区春田３－２１５
902,23111010,Point(136.8419735 35.1061208),名古屋市港区惟信町２－２６２
903,23111021,Point(136.8880309 35.1033076),名古屋市港区港陽１－１－６５
904,23112020,Point(136.9137329 35.076772),名古屋市南区松下町２－１
905,23112060,Point(136.9252776 35.1095832),名古屋市南区汐田町１３０４
906,23112510,Point(136.923761 35.0850386),名古屋市南区元塩町２
907,23113010,Point(136.9765267 35.2033163),名古屋市守山区小幡１－３－１
908,23114010,Point(136.9371018 35.069614),名古屋市緑区大高町字町屋川１
909,23116010,Point(136.9748319 35.1225652),名古屋市天白区島田２－２０１
910,23201030,Point(137.3442542 34.7170795),豊橋市大崎町字柿ノ木１６
911,23201040,Point(137.4392382 34.7851153),豊橋市石巻町字西浦１６
912,23201060,Point(137.3877138 34.6983498),豊橋市野依町字諏訪149-1
913,23201170,Point(137.4479205 34.7252843),豊橋市大岩町字東郷内１１１－１
914,23201520,Point(137.415512 34.7637775),豊橋市吾妻町８４－１
915,23201540,Point(137.391511 34.7692439),豊橋市今橋町１
916,23202030,Point(137.2908714 34.9192891),岡崎市樫山町字山ノ神21-31
917,23202040,Point(137.1708294 34.9205716),岡崎市庄司田１丁目１７
918,23202510,Point(137.1882268 34.9467181),岡崎市大平町二の沢６７
919,23202550,Point(137.1418898 34.9626945),岡崎市矢作町字馬乗１１０－１
920,23202560,Point(137.16485 34.9825611),岡崎市鴨田町字広元３０６
921,23203010,Point(136.8080322 35.3155185),一宮市松降通７－２７－１
922,23204510,Point(137.0866005 35.2222888),瀬戸市陶原町５－６０
923,23205050,Point(136.938086 34.8946169),半田市東洋町１－３－６
924,23206270,Point(136.9599334 35.2566883),春日井市朝宮町４丁目１－２
925,23206530,Point(136.9582211 35.2354414),春日井市若草通2丁目１－１
926,23207010,Point(137.3769853 34.8265109),豊川市金屋西町３－１１
927,23207510,Point(137.3474414 34.8182902),豊川市桜町１丁目３－１０９
928,23208530,Point(136.740152 35.1736733),津島市埋田町２－１２３－１
929,23209080,Point(136.9776791 34.8377737),碧南市川口町１－１６９
930,23209510,Point(136.9969096 34.8833197),碧南市源氏神明町１
931,23210040,Point(136.9996813 34.9871454),刈谷市寿町1-409
932,23211020,Point(137.119018 35.0219377),豊田市竹元町南細畔３
933,23211040,Point(137.1401721 35.0847873),豊田市三軒町６－２３－５
934,23211050,Point(137.1621075 35.1551647),豊田市加納町西股７５
935,23211060,Point(137.1907886 35.0818775),豊田市宝来町４－７５８－１０
936,23211530,Point(137.0794988 35.0166319),豊田市花園町新田42-7
937,23212030,Point(137.0791565 34.9691614),安城市池浦町茶筅木１
938,23213010,Point(137.0762474 34.8788017),西尾市八ツ面町蔵屋敷９９
939,23214010,Point(137.2221731 34.829088),蒲郡市御幸町３３５０－１
940,23215010,Point(136.9443313 35.3640517),犬山市大字五郎丸字下前田１
941,23216110,Point(136.8331928 34.8806346),常滑市新開町６－３－２
942,23217010,Point(136.8674351 35.3427634),江南市古知野町花霞７４
943,23218010,Point(136.7497289 35.3082578),一宮市小信中島字川南１２－３
944,23219010,Point(136.9187659 35.2932711),小牧市小牧１丁目３２１
945,23220510,Point(136.7803512 35.2482443),稲沢市稲府町1
946,23221010,Point(137.5064734 34.91175339999999),新城市平井字新栄８３
947,23222010,Point(136.9121266 35.0427414),東海市名和町南之山１０－１３
948,23222020,Point(136.8905668 35.0122987),東海市高横須賀町大塚３６
949,23223010,Point(136.9632992 35.0140404),大府市桃山町５－４４
950,23224030,Point(136.8320953 34.9470411),知多市大草字北ノ田８１
951,23225040,Point(137.0507759 35.0013115),知立市広見３－１
952,23226010,Point(137.0361451 35.2130968),尾張旭市東大道町山の内２４１９－５
953,23227010,Point(136.9886334 34.9241337),高浜市青木町６－１－１５
954,23228010,Point(136.8776855 35.2813226),岩倉市中本町字出口白山１－４
955,23229010,Point(137.0076365 35.0616221),豊明市西川町横井４－１５
956,23230510,Point(137.0175681 35.1265174),日進市浅田町西田面47-1
957,23233510,Point(136.8582901 35.2167225),清須市阿原九丁田１９２－１
958,23302010,Point(137.0543488 35.0945507),愛知郡東郷町春木字申下１３３５－１
959,23303020,Point(137.0625597 35.15298380000001),日進市五色園２－２７１６
960,23304010,Point(137.0520777 35.178353),長久手市岩作権代30-3
961,23342010,Point(136.9144448 35.2490406),西春日井郡豊山町大字豊場字城屋敷１１７
962,23342510,Point(136.9092046 35.250402),西春日井郡豊山町大字豊場字栄８０
963,23381010,Point(136.770863 35.3440604),一宮市木曽川町黒田字北宿二ノ切２４７－１
964,23421010,Point(136.7937027 35.1566865),あま市七宝町伊福河原２８
965,23422510,Point(136.7883665 35.1838565),あま市篠田稲荷７６
966,23425510,Point(136.7785366 35.1283486),海部郡蟹江町八幡２丁目13
967,23427510,Point(136.8149927 35.0744635),海部郡飛島村飛島新田字竹之郷５
968,23428010,Point(136.7228398 35.1106685),弥富市前ヶ須町南本田３７９－１と３７９－３
969,23441010,Point(136.913089 34.9331407),知多郡阿久比町大字卯坂字半田ヶ峰１
970,23442010,Point(136.9652933 34.9766915),知多郡東浦町大字緒川字政所２０
971,23446020,Point(136.8585363 34.7873666),知多郡美浜町大字奥田字儀路６７－１
972,23447010,Point(136.9141788 34.852088),知多郡武豊町字長尾山１９
973,23481010,Point(137.0300565 34.8124489),西尾市一色町前野新田３４番地
974,23501010,Point(137.172655 34.8787698),額田郡幸田町大字大草字三ツ石１８
975,23604010,Point(137.3188633 34.8098894),豊川市御津町御馬加美15
976,23621071,Point(137.2804764 34.6962171),田原市浦町西側85-1
977,23623020,Point(137.1083519 34.6226339),田原市古田町岡ノ越6-4
978,24201020,Point(136.3715338 34.6582943),津市白山町二本木3769-1
979,24201030,Point(136.4801737 34.7448059),津市河辺町字長2210-5
980,24202010,Point(136.642778 34.9281307),四日市市磯津町旧海岸堤塘敷
981,24202030,Point(136.6217499 34.9466537),四日市市海山道町１－１５３２－１
982,24202050,Point(136.6419677 35.0087051),四日市市大字茂福字横座６６８－１
983,24202060,Point(136.5916468 34.9816252),四日市市尾平町字永代寺
984,24202360,Point(136.5897226 34.931522),四日市市小古曽町字西谷
985,24202370,Point(136.5964811 35.03688959999999),四日市市北山町１１６９
986,24202510,Point(136.6331651 34.96528190000001),四日市市蔵町４－１７
987,24202520,Point(136.5553873 34.9941812),四日市市菅原町南川原６８－１
988,24202530,Point(136.6548337 35.0051925),四日市市富田二丁目４－１５
989,24202540,Point(136.6234786 35.0384617),四日市市伊坂町字上ノ山
990,24203010,Point(136.7091012 34.5015958),伊勢市一之木5-5-3
991,24204010,Point(136.5408246 34.5619693),松阪市久保町２７６
992,24204510,Point(136.5140642 34.6202421),松阪市中道町３４５
993,24205010,Point(136.6728604 35.0620946),桑名市桑名市大字上野字笠松
994,24205510,Point(136.6726465 35.05608),桑名市繁松新田字宮之割42番地の1
995,24206020,Point(136.1426014 34.7589115),伊賀市緑ヶ丘本町４１５３
996,24206030,Point(136.215278 34.825904),伊賀市下柘植725
997,24207020,Point(136.5528094 34.87787540000001),鈴鹿市算所５丁目１７－１
998,24207510,Point(136.589007 34.837948),鈴鹿市白子駅前6-33
999,24208010,Point(136.0915959 34.62280730000001),名張市丸の内５５
1000,24209210,Point(136.1929755 34.079752),尾鷲市宮ノ上町７－３４
1001,24210010,Point(136.4525238 34.8413247),亀山市天神３－２－２３
1002,24210510,Point(136.4174046 34.8570203),亀山市太岡寺町1310
1003,24211010,Point(136.847803 34.4657062),鳥羽市鳥羽市安楽島町1459
1004,24212010,Point(136.0929559 33.8919062),熊野市井戸町４８７７－１
1005,24213010,Point(136.4892712 34.6776106),津市久居野村町５６０
1006,24215010,Point(136.8204406 34.3290349),志摩市阿児町鵜方３１５３－１
1007,24323010,Point(136.5379373 35.1001393),いなべ市石槫東2977
1008,24342010,Point(136.627478 34.914545),四日市市北五味塚２０６０
1009,24344020,Point(136.6669713 35.0221396),三重郡川越町大字高松２５８
1010,24442010,Point(136.6372362 34.5272088),多気郡明和町明星1553
1011,25201060,Point(135.8764252 35.0649482),大津市下阪本４－１５－１２
1012,25201070,Point(135.8384305 34.9986995),大津市稲葉台２８番地先
1013,25201080,Point(135.9186076 35.1139585),大津市本堅田３－２５－２６
1014,25201090,Point(135.8905816 35.0030596),大津市由美浜１－１
1015,25201510,Point(135.8637668 35.0019479),大津市音羽台６ー１
1016,25201540,Point(135.9081578 34.9553705),大津市石山寺３－１１－２０
1017,25201570,Point(135.9872269 34.9439952),大津市上田上牧町字恋ノ山７６０－２
1018,25202090,Point(136.2399212 35.2528684),彦根市西今町800
1019,25203030,Point(136.2667782 35.3886949),長浜市分木町８－５
1020,25204050,Point(136.0944472 35.1267403),近江八幡市中村町２５
1021,25205030,Point(136.2048768 35.1058559),東近江市春日町１－１５
1022,25206030,Point(135.9521406 35.015314),草津市草津町１８３９
1023,25206510,Point(135.960524 35.0122876),草津市草津３丁目１４－７５
1024,25207010,Point(135.9878221 35.061777),守山市守山五丁目１３０－５
1025,25209010,Point(136.1644041 34.964518),甲賀市水口町水口６２００
1026,25212010,Point(136.0392195 35.4085099),高島市今津町南新保地先
1027,26101010,Point(135.7376726 35.0413296),京都市北区紫野花ノ坊町２３
1028,26102510,Point(135.759996 35.033474),京都市上京区烏丸通り上立売上ル相国寺門前町６４７の２
1029,26103010,Point(135.7785754 35.0484097),京都市左京区松ヶ崎堂ノ上町７番地の２
1030,26104010,Point(135.768125 35.0116574),京都市中京区寺町通り御池上ル上本能寺前町４８８
1031,26104060,Point(135.7347028 34.9972746),京都市中京区壬生東高田町１の２
1032,26104510,Point(135.7485527 35.00380579999999),京都市中京区錦大宮町１１７
1033,26104520,Point(135.7314496 35.0217817),京都市中京区西ノ京中保町１の４
1034,26107510,Point(135.7464222 34.9766563),京都市南区西九条南田町１の３
1035,26109010,Point(135.7614388 34.9353648),京都市伏見区東組町６８１
1036,26109020,Point(135.7329103 34.9386385),京都市伏見区久我東町６０の２
1037,26109030,Point(135.8077096 34.9461056),京都市伏見区醍醐鍵尾町１７
1038,26110010,Point(135.8116237 34.9883662),京都市山科区御陵四丁野町１
1039,26110510,Point(135.8137147 34.9723498),京都市山科区椥辻池尻町１４の２
1040,26111010,Point(135.6970648 34.97272299999999),京都市西京区樫原三宅町２４
1041,26201040,Point(135.126034 35.295753),福知山市岡ノ町１７５－３
1042,26202030,Point(135.3997423 35.4725387),舞鶴市溝尻１２００番地
1043,26203010,Point(135.2424489 35.3024841),綾部市宮代町土代３６
1044,26204010,Point(135.7975476 34.8877494),宇治市宇治若森７番地の６
1045,26205020,Point(135.1992499 35.5320785),宮津市吉原２５８６番地の２
1046,26206010,Point(135.5611696 35.014319),亀岡市余部町五反田２７－１
1047,26207030,Point(135.7890943 34.85319339999999),城陽市寺田宮ノ平１番地
1048,26208020,Point(135.7040816 34.9469578),向日市森本町天神森４番地の８
1049,26210510,Point(135.7150941 34.859282),八幡市戸津堂田地内
1050,26212010,Point(135.0730999 35.6262461),京丹後市峰山町丹波８５５
1051,26213010,Point(135.4462755 35.1146087),南丹市園部町黒田１－４
1052,26303020,Point(135.6927802 34.9060996),乙訓郡大山崎町円明寺松田１５番地
1053,26303510,Point(135.6849198 34.8938379),乙訓郡大山崎町小字茶屋地先
1054,26322020,Point(135.7362941 34.889103),久世郡久御山町坊ノ池高河原５番地
1055,26342020,Point(135.7693154 34.82309250000001),京田辺市田辺明田１番地
1056,26343010,Point(135.8083818 34.7959545),綴喜郡井手町井手野神３８番地
1057,26362020,Point(135.8265675 34.7377156),木津川市木津上戸１８番地
1058,26366030,Point(135.763971 34.745738),相楽郡精華町光台1丁目7
1059,26367010,Point(136.0258748 34.7653928),相楽郡南山城村北大河原中谷１２－５２
1060,27101010,Point(135.5135548 34.7087221),大阪市北区菅栄町９－５
1061,27101510,Point(135.5018082 34.6959899),大阪市北区西天満２－７－９
1062,27103510,Point(135.4700047 34.697381),大阪市福島区海老江８－１－１０
1063,27104010,Point(135.4523554 34.68306949999999),大阪市此花区春日出北１－８－４
1064,27106010,Point(135.4726219 34.6729017),大阪市西区九条南２-１３-１７
1065,27108010,Point(135.4740101 34.6407367),大阪市大正区平尾２－２１－２８
1066,27113010,Point(135.441145 34.706171),大阪市西淀川区大和田６－１３－６
1067,27113510,Point(135.4371696 34.7043934),大阪市西淀川区出来島２－２－２４
1068,27114510,Point(135.5282521 34.7485825),大阪市東淀川区上新庄２－４－１５先
1069,27115010,Point(135.5192376 34.6818742),大阪市中央区大手前４－１－６７
1070,27115510,Point(135.5426099 34.6683746),大阪市東成区大今里西３－３－１１
1071,27116010,Point(135.5335846 34.6548574),大阪市生野区勝山北３－１３－４４
1072,27117010,Point(135.5406867 34.7268678),大阪市旭区中宮４－７－１１
1073,27117510,Point(135.561448 34.7160209),大阪市旭区新森６－３－１３
1074,27118020,Point(135.5430329 34.6971595),大阪市城東区新喜多２－４－３５
1075,27120510,Point(135.5113011 34.604784),大阪市住吉区我孫子東１－４－３２
1076,27121510,Point(135.5379828 34.6367992),大阪市東住吉区杭全町２－１３－６先
1077,27122010,Point(135.4983651 34.6482716),大阪市西成区花園北１－８－３２
1078,27123010,Point(135.4805698 34.7279232),大阪市淀川区野中北１－１１－２６
1079,27124010,Point(135.5861101 34.7089151),大阪市鶴見区浜３－８－６６
1080,27124510,Point(135.5781019 34.7036546),大阪市鶴見区諸口３－４－４４
1081,27125010,Point(135.4806725 34.6077923),大阪市住之江区御崎５－７－１７
1082,27125030,Point(135.4321541 34.6312772),大阪市住之江区南港東８－５
1083,27125510,Point(135.4910591 34.6227715),大阪市住之江区粉浜１－５－４８
1084,27125520,Point(135.4751199 34.6115767),大阪市住之江区南加賀屋１－１－８０先
1085,27126010,Point(135.545951 34.6201981),大阪市平野区平野西３－４－７
1086,27143510,Point(135.528624 34.55730399999999),堺市東区石原町１丁１０２
1087,27146010,Point(135.5113913 34.5570586),堺市北区金岡町1192-1
1088,27147010,Point(135.5629276 34.5388535),堺市美原区小平尾３９０番地
1089,27201020,Point(135.471219 34.5707763),堺市堺区少林寺町東４－１－１
1090,27201030,Point(135.4580715 34.5435805),堺市西区浜寺船尾町西５－６０
1091,27201050,Point(135.4550637 34.5598071),堺市西区浜寺石津町中２－３－２８
1092,27201080,Point(135.4721574 34.5939635),堺市堺区三宝町５－２８６
1093,27201090,Point(135.5128652 34.4869017),堺市南区若松台３－３４－１
1094,27201100,Point(135.5283023 34.5261181),堺市東区大美野１３５
1095,27201340,Point(135.5018183 34.530998),堺市中区深井水池町３２１４
1096,27201510,Point(135.4829962 34.5732755),堺市堺区南瓦町３－１
1097,27201560,Point(135.447972 34.5583889),堺市西区石津西町２４－４
1098,27201570,Point(135.5164658 34.5686456),堺市北区新金岡町４－１－９
1099,27201580,Point(135.5088663 34.5277469),堺市中区深井東町２６６１－３
1100,27201600,Point(135.5639847 34.5294692),堺市美原区美原町丹上３２９－１
1101,27202060,Point(135.3921665 34.466049),岸和田市西之内町２７９－２
1102,27202530,Point(135.3814348 34.4833962),岸和田市春木大国町８－２０
1103,27203030,Point(135.473196 34.7381854),豊中市千成町２－２－６５
1104,27203510,Point(135.4695999 34.7814943),豊中市中桜塚３－１－１
1105,27203520,Point(135.4925592 34.8093347),豊中市新千里西町1-1-3
1106,27204030,Point(135.4475336 34.8249793),池田市畑１－７－４
1107,27205060,Point(135.5039268 34.7584843),吹田市垂水町３－３２－５０
1108,27205080,Point(135.516357 34.8128173),吹田市藤白台１-１
1109,27205090,Point(135.5188107 34.7919888),吹田市高野台４－５－１
1110,27205530,Point(135.5212195 34.756319),吹田市寿町１-５
1111,27206030,Point(135.410514 34.5043449),泉大津市東雲町９－１２
1112,27207020,Point(135.5983661 34.8632504),高槻市大蔵司2-51-2
1113,27207030,Point(135.6150306 34.8372014),高槻市南庄所町3
1114,27207040,Point(135.6490019 34.8663996),高槻市梶原１－５
1115,27207510,Point(135.6172956 34.8458838),高槻市桃園町２－１
1116,27208010,Point(135.366139 34.4357717),貝塚市鳥羽１２２－１
1117,27209010,Point(135.5568719 34.7296986),守口市文園町８－８
1118,27209510,Point(135.5608747 34.7363332),守口市京阪本通２－６２
1119,27210010,Point(135.6512921 34.8147103),枚方市大垣内町２－１－２０
1120,27210020,Point(135.7069558 34.8173011),枚方市王仁公園１－１
1121,27210030,Point(135.6815718 34.8596482),枚方市楠葉並木２－２９－３
1122,27210510,Point(135.6863985 34.8319694),枚方市招提南町３－１０２２－１
1123,27210520,Point(135.6231519 34.7924294),枚方市南中振３－２９４－８
1124,27211010,Point(135.5686194 34.8163014),茨木市駅前３－８－１３
1125,27212010,Point(135.602002 34.625589),八尾市清水町１－２－５
1126,27212030,Point(135.63881 34.6352691),八尾市水越３－７０
1127,27212510,Point(135.5898817 34.6124327),八尾市南太子堂２－４－１
1128,27212520,Point(135.5782804 34.6294401),八尾市西久宝寺６５１
1129,27213050,Point(135.2983963 34.4041673),泉佐野市羽倉崎４－３－１２
1130,27213510,Point(135.3091548 34.3987719),泉佐野市新安松１－１－２４
1131,27214020,Point(135.5972974 34.4998488),富田林市常盤町１－１
1132,27215010,Point(135.6280019 34.7662331),寝屋川市本町１－１
1133,27216010,Point(135.5672092 34.4387959),河内長野市三日市町２８８－１
1134,27216520,Point(135.5636216 34.4552291),河内長野市西之山町２－２１
1135,27217510,Point(135.5517687 34.5796757),松原市阿保１－１６－３
1136,27218010,Point(135.6284685 34.7119851),大東市谷川１－１－１
1137,27219040,Point(135.4592882 34.4462013),和泉市緑ケ丘３－４－１
1138,27221010,Point(135.6455482 34.5729564),柏原市大字高井田８０９－１
1139,27224510,Point(135.5570404 34.777648),摂津市三島１－２－１
1140,27225010,Point(135.4459077 34.5252005),高石市東羽衣６－６－４５
1141,27225510,Point(135.4520136 34.5131898),高石市西取石６－１１－１
1142,27226030,Point(135.5974452 34.574123),藤井寺市岡１－１－１
1143,27227020,Point(135.6399158 34.65578),東大阪市南四条町３－３３
1144,27227030,Point(135.5973071 34.6680742),東大阪市西岩田３－３－２
1145,27227040,Point(135.5754813 34.6649412),東大阪市高井田元町２－８－２７
1146,27228010,Point(135.2734005 34.3659929),泉南市樽井１－１－１
1147,27229510,Point(135.6321609 34.7374635),四條畷市江瀬美町１２－１１
1148,27301010,Point(135.6630611 34.8837769),三島郡島本町桜井２－１－１
1149,27321010,Point(135.4941717 34.9189488),豊能郡豊能町余野４１４番地の１
1150,27367010,Point(135.228714 34.3393855),阪南市舞４－６－１４
1151,28101010,Point(135.2646412 34.719939),神戸市東灘区住吉東町５丁目
1152,28101030,Point(135.2659601 34.6882591),神戸市東灘区向洋町中６丁目
1153,28101040,Point(135.2636154 34.7082387),神戸市東灘区住吉南町1丁目
1154,28101520,Point(135.277466 34.7140375),神戸市東灘区魚崎南町６丁目１０
1155,28102010,Point(135.2299221 34.7139393),神戸市灘区神ノ木通３丁目
1156,28102040,Point(135.2340226 34.7042064),神戸市灘区新在家南町５丁目
1157,28103010,Point(135.2029851 34.7075195),神戸市中央区熊内町１丁目
1158,28105010,Point(135.1699209 34.6569687),神戸市兵庫区御崎町１丁目
1159,28106010,Point(135.1509124 34.6655765),神戸市長田区北町３丁目
1160,28107010,Point(135.1208072 34.6474071),神戸市須磨区行幸町３丁目
1161,28107020,Point(135.0986062 34.6935289),神戸市須磨区白川台５丁目
1162,28107510,Point(135.1298659 34.6513487),神戸市須磨区中島町１丁目
1163,28108010,Point(135.0612393 34.6373543),神戸市垂水区大町２丁目
1164,28108020,Point(134.9988343 34.7215534),神戸市西区平野町繁田
1165,28108510,Point(135.0609007 34.6287768),神戸市垂水区平磯１丁目
1166,28109010,Point(135.1336576 34.7221141),神戸市北区南五葉3-1-1
1167,28109030,Point(135.2226007 34.82544),神戸市北区藤原台北町１丁目
1168,28109520,Point(135.2161589 34.848449),神戸市北区八多町中
1169,28110010,Point(135.21206 34.6621412),神戸市中央区港島中町８丁目
1170,28110510,Point(135.200991 34.695635),神戸市中央区小野柄通２丁目１番１９号（中央消防署）
1171,28111010,Point(135.0635739 34.7424496),神戸市西区桜が丘東町５丁目
1172,28111510,Point(134.979063 34.6693589),神戸市西区曙町１０７０
1173,28201020,Point(134.6285158 34.8051865),姫路市広畑区正門通１丁目７番地の３
1174,28201030,Point(134.6772342 34.799866),姫路市飾磨区玉地１丁目２７番地
1175,28201040,Point(134.7049696 34.78538020000001),姫路市白浜町甲３９６－８
1176,28201050,Point(134.7409633 34.8188168),姫路市御国野町御着１１４２の２
1177,28201060,Point(134.5889833 34.7891826),姫路市網干区垣内中町１２０
1178,28201070,Point(134.6441278 34.8610095),姫路市飾西７２８の５
1179,28201090,Point(134.5801986 34.90361180000001),姫路市林田町林田１５
1180,28201380,Point(134.6967822 34.84702920000001),姫路市八代７７９番地の１７
1181,28201390,Point(134.737676 34.9102816),姫路市香寺町中屋１４
1182,28201520,Point(134.6827798 34.8351058),姫路市小姓町３５の３
1183,28201530,Point(134.6595313 34.7887543),姫路市飾磨区細江４４４
1184,28202010,Point(135.4046339 34.747641),尼崎市栗山町２丁目６番１号
1185,28202020,Point(135.4127441 34.7250871),尼崎市東難波町4丁目9-12
1186,28202030,Point(135.4204416 34.7158038),尼崎市北城内４７の１
1187,28202520,Point(135.3886705 34.7159955),尼崎市武庫川町1丁目25
1188,28202530,Point(135.3863701 34.765182),尼崎市武庫荘８－３１－１
1189,28202540,Point(135.411568 34.7467467),尼崎市南塚口町７の１７
1190,28202550,Point(135.4245068 34.7460579),尼崎市東塚口町２の２
1191,28202560,Point(135.3950525 34.7279116),尼崎市大庄北５丁目２の１地先
1192,28202570,Point(135.4476916 34.7540979),尼崎市東園田町４－７９
1193,28202580,Point(135.4235418 34.7126408),尼崎市東本町４丁目４７番地先
1194,28203020,Point(134.8883981 34.6986724),明石市二見町東二見４５７の１
1195,28203030,Point(134.9437595 34.6814035),明石市大久保町大窪６１２の１
1196,28203060,Point(134.9804159 34.6531234),明石市王子２丁目１２の６
1197,28203510,Point(134.9715895 34.6485439),明石市林崎町１丁目８の１０
1198,28203530,Point(134.9609329 34.6690564),明石市小久保１丁目５の５
1199,28204010,Point(135.3415092 34.7376624),西宮市六湛寺町１０番３号
1200,28204020,Point(135.3701078 34.7183836),西宮市鳴尾町３丁目５番１４号
1201,28204030,Point(135.3673005 34.7439871),西宮市瓦林町８番１号
1202,28204130,Point(135.3526872 34.7696173),西宮市上甲東園２丁目１１番２０号
1203,28204140,Point(135.2371348 34.8274697),西宮市山口町下山口４丁目２３番１号
1204,28204150,Point(135.3543201 34.7132147),西宮市浜甲子園２丁目１６番２３号
1205,28204510,Point(135.3415092 34.7376624),西宮市六湛寺町１０番３号
1206,28204520,Point(135.3486022 34.7316771),西宮市津門川町６番２０号
1207,28204530,Point(135.3454597 34.7480938),西宮市河原町１番３１号
1208,28204560,Point(135.3668245 34.7203214),西宮市甲子園７番町１５番７号
1209,28204570,Point(135.3075362 34.8263597),西宮市名塩新町１番地
1210,28205010,Point(134.8953679 34.3428874),洲本市本町３丁目４の１０
1211,28206090,Point(135.3033924 34.7459675),芦屋市朝日ヶ丘町１０番１０号
1212,28206510,Point(135.3173828 34.7313628),芦屋市打出町２番１３号
1213,28207030,Point(135.4010579 34.7842699),伊丹市千僧１丁目１番地
1214,28207510,Point(135.4104432 34.7935224),伊丹市高台４丁目の５
1215,28208010,Point(134.4680807 34.8036472),相生市旭１丁目１番３号
1216,28208510,Point(134.4870301 34.8197588),相生市池ノ内家の下５４６－７
1217,28209010,Point(134.8201981 35.544535),豊岡市中央町２－４
1218,28209510,Point(134.8237373 35.539756),豊岡市城南町３
1219,28210010,Point(134.842399 34.7573094),加古川市野口町良野１５６８番地
1220,28210020,Point(134.8235339 34.7418078),加古川市尾上町長田５１９
1221,28210030,Point(134.8433809 34.727075),加古川市別府町西町１
1222,28210050,Point(134.8328348 34.7931037),加古川市東神吉長神吉1590ー１
1223,28210180,Point(134.8224735 34.8271403),加古川市志方町志方町1758-3
1224,28210190,Point(134.8720055 34.8067917),加古川市平荘町山角266
1225,28210520,Point(134.8776041 34.743471),加古川市平岡町新在家１８０１－１
1226,28210530,Point(134.8230474 34.7571132),加古川市加古川町備後３３２－１
1227,28211010,Point(134.5433514 34.8577824),たつの市龍野町富永１００５の１
1228,28212010,Point(134.3903396 34.7549367),赤穂市加里屋８１番地
1229,28213010,Point(134.9690021 34.9942426),西脇市西脇市郷瀬町６０５
1230,28214010,Point(135.3618255 34.7859124),宝塚市宝塚市高司2-3-1
1231,28214510,Point(135.3451574 34.8093554),宝塚市栄町１丁目１６番２号
1232,28216010,Point(134.7906399 34.7659515),高砂市荒井町千鳥１丁目１番１号
1233,28216520,Point(134.7973076 34.771899),高砂市中島２丁目３５９－１
1234,28217010,Point(135.4169342 34.8298751),川西市中央町１２番１号
1235,28217520,Point(135.4092159 34.8133456),川西市加茂５丁目６３－１
1236,28217530,Point(135.4012784 34.8831302),川西市清流台16番2号
1237,28218510,Point(134.935277 34.8481763),小野市上本町２５０番地
1238,28219010,Point(135.2254559 34.8900447),三田市三輪２丁目１－１
1239,28381010,Point(134.9132896 34.7485875),加古郡稲美町国岡１－１
1240,28382010,Point(134.86795 34.7153597),加古郡播磨町東本荘１－５－３０
1241,28464010,Point(134.5722212 34.8331866),揖保郡太子町鵤280－１
1242,28641010,Point(135.0828637 35.1294529),丹波市柏原町柏原６８８
1243,29201020,Point(135.7428978 34.700443),奈良市百楽園４－１－１
1244,29201030,Point(135.7979944 34.7161814),奈良市朱雀６－１０－１
1245,29201060,Point(135.8359458 34.6748155),奈良市紀寺町７８５
1246,29201530,Point(135.7997165 34.6723054),奈良市柏木町519-17
1247,29202010,Point(135.7364507 34.5150717),大和高田市大中１００－１
1248,29204010,Point(135.8303094 34.5948116),天理市丹波市町１８０番地
1249,29205510,Point(135.790301 34.509211),橿原市八木町１丁目１－１８
1250,29206010,Point(135.8429944 34.5218927),桜井市粟殿１０００
1251,29208010,Point(135.737043 34.46037),御所市御所６０５－１０
1252,29209010,Point(135.7079001 34.6916695),生駒市山崎町４－１０
1253,29363010,Point(135.7783702 34.5628646),磯城郡田原本町宮古４０４－７
1254,29425010,Point(135.7092685 34.593396),北葛城郡王寺町王寺１丁目４２２７－３
1255,29451010,Point(136.0372508 34.1583727),吉野郡上北山村小橡根返948－1
1256,30201020,Point(135.1380815 34.2477906),和歌山市松江東３丁目２－６３
1257,30201030,Point(135.146911 34.2450676),和歌山市島橋北ノ丁１－２２
1258,30201040,Point(135.1857829 34.2396208),和歌山市中之島１４９１
1259,30201050,Point(135.1624828 34.2142592),和歌山市砂山南３－３－４５
1260,30201070,Point(135.1324962 34.2510472),和歌山市松江北５丁目１２９５番地４６
1261,30201080,Point(135.1446307 34.2333169),和歌山市湊２丁目１７－４０
1262,30201110,Point(135.1803157 34.1855097),和歌山市紀三井寺８３２－１
1263,30201130,Point(135.287748 34.2434908),和歌山市新庄３４８
1264,30201250,Point(135.1100505 34.2543887),和歌山市西庄１０９５
1265,30201270,Point(135.1987627 34.2610732),和歌山市六十谷４５
1266,30201280,Point(135.1809997 34.2140338),和歌山市小雑賀２－２－８
1267,30201300,Point(135.1864594 34.2129031),和歌山市北中島1丁目7-4
1268,30201520,Point(135.1887026 34.2264415),和歌山市木広町４丁目２３
1269,30202020,Point(135.2141826 34.1495701),海南市鳥居１９０
1270,30202140,Point(135.2099741 34.1566475),海南市日方１２６９
1271,30202160,Point(135.2005338 34.1593253),海南市船尾２３６－４
1272,30202180,Point(135.27939 34.1625212),海南市野上中１６６－１
1273,30203010,Point(135.6009567 34.3117943),橋本市市脇４丁目５番８号
1274,30204030,Point(135.1163438 34.0996597),有田市初島町浜１３６８－３
1275,30205010,Point(135.1552983 33.8910819),御坊市薗字円津２５５－４
1276,30205020,Point(135.1631757 33.9080516),御坊市湯川町小松原５０
1277,30205030,Point(135.16791 33.9041784),御坊市藤田町吉田２８８－１
1278,30205040,Point(135.1798304 33.8955679),御坊市野口７６１
1279,30205050,Point(135.1630313 33.8674976),御坊市塩屋町南塩屋５２－３
1280,30205060,Point(135.1830487 33.8347788),御坊市名田町上野１３４８－１５
1281,30206010,Point(135.3833504 33.7321135),田辺市湊１６２９－６
1282,30207010,Point(135.9858505 33.7201518),新宮市神倉3-2-39
1283,30301020,Point(135.1441151 34.1106858),海南市下津町下津３０６６－１６
1284,30301030,Point(135.1629015 34.1215208),海南市下津町黒田１１２番地
1285,30301050,Point(135.1880594 34.1270054),海南市下津町小松原２９
1286,30302010,Point(135.3070497 34.163865),海草郡紀美野町紀美野町動木１４４５
1287,30322010,Point(135.4024175 34.2729068),紀の川市粉河１４７９
1288,30361010,Point(135.1829826 34.0360218),有田郡湯浅町湯浅１９８５
1289,30384010,Point(135.1939121 33.9121988),日高郡日高川町大字小熊
1290,30390010,Point(135.2337297 33.8567607),日高郡印南町印南原３１９９－１
1291,30391010,Point(135.3439917 33.7931348),日高郡みなべ町晩稲３６
1292,31201020,Point(134.2280553 35.4969111),鳥取市栄町５０２
1293,31201040,Point(134.2361504 35.5037675),鳥取市西町１丁目４０１
1294,31202020,Point(133.3415734 35.43753900000001),米子市東福原１－１－４５
1295,31202520,Point(133.3307485 35.4282325),米子市加茂町１－１
1296,31203020,Point(133.8443247 35.43944500000001),倉吉市東巌城町２
1297,31204010,Point(133.2348626 35.513531),境港市誠道町２２５－１
1298,32201060,Point(133.0128471 35.475041),松江市西浜佐陀町５８２－１
1299,32201520,Point(133.0660438 35.4592885),松江市津田町３４３－４
1300,32202040,Point(132.0706429 34.8978256),浜田市片庭町２５４
1301,32203040,Point(132.7508999 35.3462243),出雲市塩冶町２２３－１
1302,32204040,Point(131.8512675 34.6778687),益田市昭和町１３－１
1303,32204950,Point(131.7929818 34.6785189),益田市高津町イ2340-3
1304,32205010,Point(132.4996385 35.2040294),大田市長久町長久字高禅寺ロ３３３－５０
1305,32206040,Point(133.2545686 35.4317631),安来市安来町字八幡５８２－１
1306,32207060,Point(132.221021 35.0112753),江津市江津町１５２５
1307,32209010,Point(132.9005304 35.3088037),雲南市木次町里方５３１－１
1308,32528950,Point(133.1977459 36.2789097),隠岐郡隠岐の島町北方福浦1700
1309,33201040,Point(133.9735102 34.605476),岡山市中区江並４２８－７３
1310,33201060,Point(133.9352329 34.6067072),岡山市南区南輝３－６－９
1311,33201120,Point(134.0327459 34.6581226),岡山市東区西大寺上１－２０－６０
1312,33201130,Point(133.9237065 34.6724367),岡山市北区南方１－３－６５
1313,33201160,Point(133.9856567 34.6841435),岡山市中区長岡５８－２
1314,33201180,Point(133.9208001 34.6611063),岡山市北区幸町１０－９
1315,33201190,Point(133.8528222 34.5880389),岡山市南区中畦５８９－４
1316,33201210,Point(133.863916 34.65261479999999),岡山市北区東花尻２４１－１
1317,33201220,Point(134.0545523 34.6398259),岡山市東区西大寺五明１８６
1318,33201250,Point(133.9285393 34.7846782),岡山市北区御津宇垣１６２９
1319,33201530,Point(133.9207248 34.6284591),岡山市南区青江６－３－１６
1320,33201540,Point(134.0758246 34.7134968),岡山市東区西祖１の４及び１の５
1321,33202020,Point(133.7418266 34.5452544),倉敷市水島北春日町１１－１１
1322,33202030,Point(133.7751875 34.5205048),倉敷市広江１－９－１
1323,33202060,Point(133.7597423 34.5165856),倉敷市松江３－１１－２６
1324,33202070,Point(133.7693672 34.5091621),倉敷市呼松３－１－２４
1325,33202080,Point(133.7741 34.5011853),倉敷市児島宇野津１７５５－１
1326,33202090,Point(133.7708994 34.4767912),倉敷市児島塩生１９５９－３
1327,33202100,Point(133.7162787 34.5384355),倉敷市連島町鶴新田１７０５
1328,33202110,Point(133.7758944 34.6007931),倉敷市美和１－１３－３３
1329,33202120,Point(133.8072838 34.5940316),倉敷市西田２０１－１
1330,33202130,Point(133.8114626 34.5613605),倉敷市藤戸町天城２２８５
1331,33202140,Point(133.8362679 34.5899827),倉敷市茶屋町早沖１１０３－１
1332,33202150,Point(133.8158591 34.5360861),倉敷市林８７０
1333,33202160,Point(133.7286457 34.5841792),倉敷市西阿知町１０７０
1334,33202170,Point(133.6692741 34.5481718),倉敷市玉島阿賀崎３－３－１
1335,33202180,Point(133.8099335 34.4693573),倉敷市児島小川１－１－１７
1336,33202190,Point(133.8439602 34.4738454),倉敷市児島田の口３－１３－１
1337,33202400,Point(133.7401624 34.5278135),倉敷市水島東千鳥町１－５０
1338,33202410,Point(133.7611332 34.5366081),倉敷市福田町古新田５３３?１
1339,33202420,Point(133.8231236 34.6463042),倉敷市上東１１１７－１
1340,33202520,Point(133.7660243 34.6015683),倉敷市阿知１－６００－４
1341,33202530,Point(133.7570366 34.5800143),倉敷市堀南６２１
1342,33203020,Point(134.0086808 35.07108789999999),津山市山北７４０
1343,33204010,Point(133.924191 34.4595985),玉野市明神町１－１
1344,33204020,Point(133.9318657 34.4600964),玉野市向日比１－４－２５
1345,33204030,Point(133.9090946 34.4575148),玉野市渋川１－４１０－１
1346,33204040,Point(133.9478511 34.4899774),玉野市宇野１－３０５５－６
1347,33204050,Point(133.9206503 34.4560387),玉野市日比２－６－５
1348,33204060,Point(133.9329484 34.4535257),玉野市向日比２－２８２３－５番地の一部
1349,33204070,Point(133.9767032 34.5349395),玉野市後閑１４９２－３
1350,33204090,Point(133.8991633 34.5245598),玉野市用吉１６５５－６
1351,33205010,Point(133.4907077 34.4595922),笠岡市神島１５５３
1352,33205020,Point(133.4605487 34.4942837),笠岡市茂平２８０
1353,33205510,Point(133.5073882 34.5071564),笠岡市大磯２７２－１１
1354,33207510,Point(133.4618076 34.60356),井原市井原町１１１３
1355,33208010,Point(133.7489712 34.6705868),総社市中央２－４－１０３
1356,33209010,Point(133.6106447 34.791041),高梁市落合町近似２８６－１
1357,33210010,Point(133.4620724 34.9724028),新見市金谷字出原６７１
1358,33211030,Point(134.2186291 34.7312032),備前市穂浪３０４３
1359,33211040,Point(134.1927834 34.7059861),備前市鶴海１５３６
1360,33211050,Point(134.1953924 34.7450937),備前市東片上７０５－２
1361,33211060,Point(134.295262 34.7863947),備前市三石宿上３９３－３
1362,33211070,Point(134.259746 34.8137553),備前市野谷３２４
1363,33211520,Point(134.1630569 34.7405894),備前市伊部１４１５－２
1364,33213020,Point(134.0995961 34.778599),赤磐市釣井２０９－１
1365,33215010,Point(134.1559961 35.0322127),美作市北山３８５－１
1366,33342010,Point(134.2940462 34.7473902),備前市備前市日生町寒河3961-1
1367,33423010,Point(133.8265408 34.5995481),都窪郡早島町前潟２４０
1368,33423510,Point(133.8171478 34.6075268),都窪郡早島町大字早島３１０１－７
1369,33441010,Point(133.7073379 34.5851341),倉敷市船穂町船穂2897
1370,33442010,Point(133.6244201 34.5432625),浅口市金光町占見新田751
1371,33444010,Point(133.583613 34.4783277),浅口市寄島町7555-2
1372,33503010,Point(133.6888858 34.628022),倉敷市真備町箭田1769-1
1373,33584510,Point(133.7884535 35.08112),真庭市目木177-1
1374,33681010,Point(133.763659 34.8346147),加賀郡吉備中央町竹部２１６４－３
1375,34102020,Point(132.535839 34.4459346),広島市東区馬木９－１－２
1376,34104510,Point(132.4234875 34.3919777),広島市西区己斐本町３－１３
1377,34105010,Point(132.4716534 34.4518447),広島市安佐南区古市１－３３－１４
1378,34105020,Point(132.4012132 34.4673967),広島市安佐南区沼田町大字伴６１５３
1379,34105510,Point(132.4717804 34.4546433),広島市安佐南区古市２－２１－１
1380,34201010,Point(132.4507608 34.4123956),広島市西区三篠町１－９－２５
1381,34201020,Point(132.4680505 34.3786302),広島市南区皆実町１－１５－３２
1382,34201250,Point(132.3844182 34.3721045),広島市西区井口２－１３－１
1383,34201260,Point(132.5095822 34.5185624),広島市安佐北区可部４－９－１
1384,34201510,Point(132.4584929 34.3952852),広島市中区基町１１－１
1385,34201520,Point(132.4696959 34.3809669),広島市南区比治山本町１２
1386,34202010,Point(132.5769764 34.2548538),呉市伏原２丁目６－３８
1387,34202020,Point(132.5621196 34.233441),呉市宮原４丁目８－１
1388,34202030,Point(132.561125 34.2477288),呉市中央３丁目１－３４
1389,34202040,Point(132.6274799 34.2318862),呉市広駅前１丁目６－１
1390,34202050,Point(132.547896 34.2185434),呉市警固屋１丁目１７２－１６
1391,34202510,Point(132.5843493 34.2533993),呉市西畑町３３地先
1392,34203010,Point(132.9030429 34.3410529),竹原市竹原町３４４４－１
1393,34204150,Point(133.0678975 34.40082),三原市宮浦２丁目１－１
1394,34204520,Point(133.0741158 34.3965538),三原市宮沖町１１９－２
1395,34205010,Point(133.2075875 34.4151156),尾道市東久保町１２－１
1396,34207020,Point(133.3687573 34.4833864),福山市明治町４番１号
1397,34207040,Point(133.4120217 34.5119416),福山市春日町３丁目１５番１８号
1398,34207060,Point(133.3820707 34.4399246),福山市水呑向丘１０７番地
1399,34207090,Point(133.3943468 34.4692547),福山市曙町５丁目１６番３号
1400,34207310,Point(133.3294451 34.5548708),福山市駅家町法成寺６７番地
1401,34207320,Point(133.3624239 34.4859845),福山市広島県
1402,34207510,Point(133.3619721 34.4859545),福山市東桜町３番５号
1403,34208050,Point(133.2421001 34.5701429),府中市元町１－５
1404,34209020,Point(132.8538309 34.7948277),三次市十日市町１６８－１
1405,34211200,Point(132.2208283 34.2191738),大竹市油見３丁目１１４３
1406,34212030,Point(132.7410134 34.4199878),東広島市西条中央２丁目１５－１
1407,34304010,Point(132.528945 34.367675),安芸郡海田町つくも町１－６０
1408,34322030,Point(132.3418712 34.3572791),廿日市市桜尾本町
1409,34369010,Point(132.5436057 34.6884019),山県郡北広島町壬生
1410,34408010,Point(132.8735328 34.4304391),東広島市河内町入野５０４８－１
1411,34427010,Point(132.8908742 34.2426467),豊田郡大崎上島町中野２０７８
1412,34501010,Point(133.3849625 34.5436476),福山市神辺町大字川北１３５６－１
1413,35201010,Point(131.0291487 34.0675331),下関市小月茶屋町２丁目３－５
1414,35201020,Point(130.9882162 34.003159),下関市長府亀の甲２丁目２－１
1415,35201030,Point(130.8968264 33.9422417),下関市彦島迫町５丁目１３－２１
1416,35201040,Point(130.9266483 33.9894006),下関市山の田本町８－１
1417,35201250,Point(130.9337317 34.1711271),下関市豊浦町大字小串９１番３
1418,35202020,Point(131.2503009 33.955584),宇部市琴芝１丁目1-50
1419,35202030,Point(131.2587361 33.9358378),宇部市松山町５丁目9番地
1420,35202360,Point(131.2178404 33.9941497),宇部市厚南中央3丁目1－2
1421,35203010,Point(131.4262338 34.1481911),山口市大字朝田字蛭田５３５
1422,35204010,Point(131.3962263 34.4086489),萩市江向川添沖田５３１－１
1423,35205010,Point(131.8107246 34.0561592),周南市毛利町二丁目３８
1424,35205030,Point(131.8128704 34.0095064),周南市大字栗屋680
1425,35205040,Point(131.8273745 34.0453931),周南市周陽３丁目1-1
1426,35205520,Point(131.8252971 34.0756731),周南市大字徳山５８１１－７
1427,35206010,Point(131.5627639 34.0517195),防府市寿町７番１号
1428,35206050,Point(131.5490147 34.01842329999999),防府市大字浜方７４６－１
1429,35207030,Point(131.8779448 33.9995912),下松市大字東豊井１１３４
1430,35207090,Point(131.8703977 34.0150314),下松市大手町３丁目３－３
1431,35208010,Point(132.2165637 34.1698473),岩国市山手町1丁目7-60
1432,35208030,Point(132.2133117 34.1454996),岩国市尾津町１丁目１番１１号
1433,35209010,Point(131.1802202 33.9743641),山陽小野田市須恵１丁目２番
1434,35209020,Point(131.1836085 33.9594419),山陽小野田市大字小野田３９２３
1435,35210020,Point(131.9284452 33.9756147),光市花園町２丁目１番１号
1436,35210040,Point(131.9528553 33.9627921),光市大字光井６丁目１０－１
1437,35211010,Point(131.1841879 34.3696188),長門市東深川１８７５－１
1438,35212010,Point(132.1015946 33.9638317),柳井市南町１丁目１０番２号
1439,35213010,Point(131.2057107 34.1666215),美祢市大嶺町東分３２６－１
1440,35213020,Point(131.2089907 34.1677177),美祢市大嶺町向原２９９－１
1441,35214010,Point(131.7888439 34.070728),周南市川崎３丁目３番６号
1442,35214020,Point(131.7646901 34.0729216),周南市宮の前２丁目
1443,35321010,Point(132.2213293 34.2074881),玖珂郡和木町大字和木２丁目１５番１号
1444,36201010,Point(134.574141 34.1080963),徳島市川内町竹須賀１５１
1445,36201030,Point(134.5270979 34.1153187),徳島市応神町吉成字西吉成９１－１
1446,36201080,Point(134.5606766 34.0699809),徳島市新蔵町３丁目８０
1447,36201110,Point(134.5463497 34.0085493),徳島市丈六町八万免１４
1448,36201510,Point(134.5581685 34.0696883),徳島市新蔵町１丁目６７
1449,36202010,Point(134.6139682 34.1725821),鳴門市撫養町立岩字七枚１２８
1450,36203010,Point(134.5853814 34.0062189),小松島市堀川町１－２７
1451,36204010,Point(134.6714388 33.9252416),阿南市領家町野神３１９
1452,36204020,Point(134.6664181 33.8841084),阿南市大潟町２１０－２
1453,36204030,Point(134.6076625 33.8756865),阿南市桑野町上張１５
1454,36204040,Point(134.6773602 33.8311589),阿南市椿町浜１４
1455,36204050,Point(134.609009 33.9354783),阿南市下大野町渡り上り２５８
1456,36204060,Point(134.6401513 33.925158),阿南市宝田町中新開６８－１３
1457,36204070,Point(134.6411426 33.8720191),阿南市橘町豊浜３６－１５
1458,36204080,Point(134.6211663 33.8373032),阿南市福井町高田１１７－１５
1459,36205010,Point(134.3583299 34.067513),吉野川市鴨島町鴨島106-2
1460,36342010,Point(134.3650327 33.9737051),名西郡神山町神領字西上角25-4
1461,36361010,Point(134.6414821 33.9635046),阿南市那賀川町黒地７０３－３
1462,36362010,Point(134.6198856 33.9463577),阿南市羽ノ浦町岩脇字中地１１２－１
1463,36363010,Point(134.4951111 33.8573215),那賀郡那賀町和喰郷字南川１１９
1464,36381010,Point(134.5990156 33.7771311),海部郡美波町西の地字魚呑３４－１
1465,36401010,Point(134.5903628 34.1316995),板野郡松茂町住吉字住吉開拓１８７
1466,36402010,Point(134.5430334 34.1183872),板野郡北島町鯛浜字向４３－４
1467,36403010,Point(134.4957601 34.124576),板野郡藍住町奥野字猪熊１７５－２
1468,36461010,Point(134.1624967 34.0655576),美馬市脇町大字猪尻字建神社下南７３
1469,36483010,Point(133.7985432 34.0281195),三好市池田町字マチ2551-1
1470,37201010,Point(134.0620291 34.3458351),高松市福岡町１－４－４６
1471,37201080,Point(133.9630843 34.3021092),高松市国分寺町新居１７１０-１
1472,37201090,Point(134.1197927 34.3256394),高松市高松町1336-6
1473,37201100,Point(134.0347077 34.2334691),高松市香川町東上947-1
1474,37201510,Point(134.0467482 34.3307543),高松市栗林町１－６－２５
1475,37201540,Point(134.0468371 34.3334689),高松市番町１－１１－２２
1476,37201550,Point(134.0302398 34.313848),高松市田村町３０３－１
1477,37202010,Point(133.7976091 34.2895316),丸亀市大手町２－３－１
1478,37202030,Point(133.7855056 34.2801926),丸亀市今津町３４８
1479,37202070,Point(133.816158 34.3000662),丸亀市土器町東５－６９６
1480,37203010,Point(133.8585185 34.3201374),坂出市久米町１－１８－２０
1481,37203020,Point(133.8506031 34.35467149999999),坂出市瀬居町西浦１６８８－４
1482,37203040,Point(133.8925274 34.3658103),坂出市大屋富町２６２７－１
1483,37203050,Point(133.8907681 34.3270451),坂出市林田町６３６
1484,37203110,Point(133.8601576 34.2919727),坂出市川津町字中原３８２１－１
1485,37203130,Point(133.8028027 34.4209823),坂出市櫃石２７５
1486,37204010,Point(133.786488 34.228752),善通寺市文京町２－１－１
1487,37205010,Point(133.6627923 34.1284249),観音寺市坂本町１－１－１
1488,37206010,Point(134.2486039 34.2893966),さぬき市津田町津田930番地2
1489,37322010,Point(134.190909 34.485194),小豆郡土庄町渕崎甲２０７９－５
1490,37364010,Point(133.9956336 34.4597959),香川郡直島町１１２２－１
1491,37386010,Point(133.8257005 34.3107152),綾歌郡宇多津町1881
1492,37404010,Point(133.7536465 34.2725045),仲多度郡多度津町栄町１－１－９１
1493,38201020,Point(132.7283802 33.8225127),松山市富久町２７３
1494,38201030,Point(132.7326196 33.8884275),松山市太山寺町１１０６－１
1495,38201080,Point(132.7273863 33.8415709),松山市北斎院町７１２
1496,38201090,Point(132.7002782 33.810515),松山市西垣生町７４７
1497,38201510,Point(132.7586032 33.8492794),松山市本町６－６－１
1498,38201530,Point(132.7622654 33.82088),松山市朝生田町７丁目８３９
1499,38202100,Point(132.9994212 34.0632635),今治市旭町1-4-9
1500,38203010,Point(132.5704637 33.2277019),宇和島市天神町7-1
1501,38204010,Point(132.4225276 33.4616304),八幡浜市北浜1-3-37
1502,38205010,Point(133.2817621 33.9564235),新居浜市久保田町１－甲６０５
1503,38205020,Point(133.2705843 33.96158339999999),新居浜市北新町８
1504,38205060,Point(133.2804705 33.9321902),新居浜市本郷３－１－１
1505,38205080,Point(133.3016738 33.9745739),新居浜市宇高町２－１３－７
1506,38205090,Point(133.3038836 33.9390411),新居浜市星原町７－８
1507,38205100,Point(133.3463628 33.9775252),新居浜市多喜浜１４２ー１５
1508,38206020,Point(133.2262643 33.919926),西条市飯岡２１２４
1509,38206050,Point(133.1917875 33.9177615),西条市大町４４５－２
1510,38206070,Point(133.1403278 33.9149039),西条市禎瑞１８２９
1511,38208020,Point(133.5775129 34.0163191),四国中央市川之江町１６５８
1512,38208030,Point(133.5860325 33.9921791),四国中央市上分町８００
1513,38209030,Point(133.5138443 33.9640735),四国中央市寒川町１８６０－２
1514,38209050,Point(133.5500676 33.9810411),四国中央市三島宮川４－６－５３
1515,38212040,Point(133.0801232 33.9316927),西条市壬生川１１６
1516,38302020,Point(133.4187881 33.9515458),四国中央市土居町入野１７８－１
1517,38321010,Point(133.0704759 33.8795182),西条市小松町大頭甲３０１
1518,38323010,Point(133.0558303 33.8970777),西条市丹原町今井４－イ
1519,38323020,Point(133.0207245 33.8601195),西条市丹原町来見２２４－１
1520,38380010,Point(132.9062257 33.6593556),上浮穴郡久万町菅生2番耕地280-38
1521,38401010,Point(132.7063887 33.7793348),伊予郡松前町大字北黒田875
1522,38421010,Point(132.5264409 33.6256272),大洲市長浜町今坊乙1874-3
1523,39201350,Point(133.5984871 33.550147),高知市介良丙１０００－２
1524,39201360,Point(133.5579911 33.5471062),高知市南新田町５－６６
1525,39201530,Point(133.4894538 33.5413029),高知市若草南町523-3
1526,39203010,Point(133.9029139 33.5062684),安芸市西浜95-1
1527,39204070,Point(133.6255336 33.5467198),南国市稲生衣笠３０７５－２
1528,39206020,Point(133.274771 33.3876741),須崎市下分甲391-2
1529,39206080,Point(133.3222227 33.4015301),須崎市押岡字山下
1530,39210010,Point(132.9051352 32.98001720000001),四万十市具同5179
1531,39212010,Point(133.690061 33.596347),香美市土佐山田町山田1128-1
1532,39381030,Point(133.4328315 33.5469658),吾川郡いの町１３８１
1533,39405950,Point(132.9441308 33.3907069),高岡郡檮原町太郎川3757-2
1534,40101010,Point(130.9337647 33.899006),北九州市門司区大里原町１２－１２
1535,40101020,Point(130.9612121 33.8854016),北九州市門司区大字畑
1536,40101510,Point(130.96973 33.9473094),北九州市門司区老松町３番地
1537,40103010,Point(130.8073796 33.9015062),北九州市若松区本町三丁目１３－１
1538,40103120,Point(130.6939898 33.89368080000001),北九州市若松区高須北1丁目1番
1539,40103130,Point(130.7849959 33.9208747),北九州市若松区向洋町15-1
1540,40105010,Point(130.8293822 33.8952617),北九州市戸畑区新池一丁目２－１
1541,40106010,Point(130.850335 33.8863949),北九州市小倉北区井堀二丁目７－１
1542,40106020,Point(130.8704725 33.8842785),北九州市小倉北区大門一丁目６－４８
1543,40106510,Point(130.882282 33.8723165),北九州市小倉北区三萩野一丁目
1544,40107020,Point(130.9395423 33.8302551),北九州市小倉南区下曽根四丁目２３－３８
1545,40107040,Point(130.8757484 33.8227981),北九州市小倉南区企救丘二丁目１－１
1546,40108010,Point(130.8128458 33.8637029),北九州市八幡東区中央一丁目２－４
1547,40108510,Point(130.7998865 33.868205),北九州市八幡東区西本町一丁目２０－２
1548,40109010,Point(130.7597913 33.8615931),北九州市八幡西区筒井町１５－１
1549,40109030,Point(130.737949 33.8252769),北九州市八幡西区塔野一丁目３－１
1550,40109510,Point(130.7646321 33.8658221),北九州市八幡西区黒崎三丁目
1551,40131010,Point(130.4283926 33.635569),福岡市東区筥松４－２１
1552,40131030,Point(130.4385813 33.6719413),福岡市東区香住ヶ丘３－１０
1553,40132010,Point(130.4285519 33.6066763),福岡市博多区吉塚６－８
1554,40132520,Point(130.4285519 33.5902821),福岡市博多区東比恵１－３
1555,40132530,Point(130.4105582 33.6051041),福岡市博多区千代５－１
1556,40133010,Point(130.4010097 33.5909924),福岡市中央区天神１－１０－１
1557,40133510,Point(130.3982939 33.5919073),福岡市中央区天神２－１２
1558,40134010,Point(130.4318972 33.5645378),福岡市南区塩原１－２７
1559,40134510,Point(130.4334872 33.5533525),福岡市南区大橋３－１８
1560,40135020,Point(130.3812873 33.5573435),福岡市城南区長尾５－１－１
1561,40135060,Point(130.2527462 33.5854231),福岡市西区大字田尻１０８
1562,40135510,Point(130.3597423 33.5840497),福岡市早良区西新３－１－１
1563,40135520,Point(130.371925 33.5753684),福岡市城南区別府１－２２
1564,40135530,Point(130.3165995 33.5738695),福岡市西区石丸２－２５
1565,40135540,Point(130.2819985 33.57162),福岡市西区今宿青木字草場１３７
1566,40137010,Point(130.3567885 33.5800301),福岡市早良区祖原１５－７
1567,40202010,Point(130.4461332 33.0301519),大牟田市有明町２－３
1568,40202030,Point(130.435119 33.0111309),大牟田市船津町１－６－１
1569,40202050,Point(130.4560889 33.0228643),大牟田市七浦町１５－１
1570,40202060,Point(130.4349005 33.0344876),大牟田市新地町７
1571,40202080,Point(130.475043 33.0642116),大牟田市橘６６４－１
1572,40202250,Point(130.4750629 33.0134463),大牟田市新勝立町４丁目１－１
1573,40202510,Point(130.4433566 33.0266476),大牟田市不知火町２
1574,40203060,Point(130.5234554 33.3060812),久留米市諏訪野町１８３０ー６
1575,40203070,Point(130.4671466 33.2544504),久留米市三潴町玉満2705
1576,40203100,Point(130.5076516 33.32085),久留米市城南町１１－４
1577,40203110,Point(130.6895799 33.3492657),久留米市田主丸町田主丸６５－１
1578,40204010,Point(130.7303117 33.74663),直方市津田町７－２０
1579,40205010,Point(130.6949011 33.6133649),飯塚市平恒54番地24
1580,40206010,Point(130.7726649 33.6327558),田川市大字弓削田２８３８
1581,40210010,Point(130.5930246 33.201191),八女市立花町谷川1156番地
1582,40214010,Point(131.1305023 33.6123245),豊前市大字吉木９５５
1583,40216010,Point(130.5555506 33.396427),小郡市大字井上字尾辺田４３４
1584,40220010,Point(130.540609 33.8046154),宗像市大字東郷１－２－１
1585,40221010,Point(130.5006302 33.510286),太宰府市大字向佐野字迎田３９
1586,40222010,Point(130.2105074 33.5646022),前原市大字浦志２１６－１
1587,40223510,Point(130.4630905 33.7163949),古賀市大字鹿部４０１－３
1588,40228010,Point(130.8139589 33.3638379),朝倉市杷木池田483番地1
1589,40342010,Point(130.5247161 33.6259658),糟屋郡篠栗町大字田中１番地１
1590,40563010,Point(130.416551 33.157386),柳川市大字今古賀８－１
1591,40621010,Point(130.9805349 33.77587159999999),京都郡苅田町富久町１丁目１９－１
1592,41201030,Point(130.3080848 33.2568013),佐賀市高木町１５－３０
1593,41201040,Point(130.2801537 33.4275987),佐賀市三瀬村三瀬2970
1594,41201540,Point(130.3096174 33.27765300000001),佐賀市兵庫町大字西渕1960-4
1595,41202060,Point(129.9197321 33.4203329),唐津市竹木場５６１６－１
1596,41202160,Point(129.9682676 33.4500971),唐津市肥前町大字入野字音ノ元甲1684
1597,41202200,Point(129.9593119 33.4542386),唐津市二夕子　1-7-83
1598,41203010,Point(130.4989564 33.373168),鳥栖市宿町７２１－３５
1599,41203050,Point(130.5285303 33.3792565),鳥栖市曽根崎町１４９８－３
1600,41204010,Point(130.0889357 33.3001304),多久市北多久町大字小侍４８－３
1601,41205080,Point(129.9041873 33.2769087),伊万里市大坪町２８６３－１
1602,41205090,Point(129.8118539 33.3094089),伊万里市山代町久原１６３７－４
1603,41206010,Point(130.0254025 33.19687570000001),武雄市武雄町大字昭和２７－６
1604,41207010,Point(130.0946999 33.0968652),鹿島市納富分２７４４－１
1605,41209010,Point(129.9850844 33.1006268),嬉野市嬉野町大字下宿乙1408番地
1606,41210010,Point(130.3755655 33.3045177),神埼市神埼町枝ヶ里349
1607,41341010,Point(130.5191923 33.4216758),基山町大字宮浦１０３７－１
1608,41401020,Point(129.8489097 33.2307731),西松浦郡有田町下山谷字佐後乙3563
1609,41425010,Point(130.1504313 33.1849969),杵島郡白石町大字福田2371番地
1610,42201030,Point(129.8604545 32.7561519),長崎市稲佐町１１－１
1611,42201280,Point(129.8495919 32.7055577),長崎市小ケ倉町２－２１－２
1612,42201300,Point(129.9510695 32.775812),長崎市矢上町２４７－２
1613,42201510,Point(129.8719361 32.7533395),長崎市大黒町３－１
1614,42201530,Point(129.8785818 32.7499529),長崎市桜町６－３
1615,42201540,Point(129.8759924 32.7441406),長崎市江戸町10-100
1616,42202020,Point(129.6669321 33.1948696),佐世保市木宮町３－１０
1617,42202030,Point(129.7211625 33.208478),佐世保市田原町１３－２９
1618,42202140,Point(129.7975575 33.1362827),佐世保市早岐１丁目６－３８
1619,42202160,Point(129.7798616 33.1447725),佐世保市大塔町２３９４－９
1620,42202510,Point(129.7546795 33.156488),佐世保市日宇町５２２－１
1621,42202520,Point(129.7311166 33.1592435),佐世保市福石町２０１－３
1622,42203010,Point(130.3748333 32.7890493),島原市新田町３４７－９
1623,42204060,Point(130.02421 32.8426277),諌早市馬渡町13
1624,42205010,Point(129.9602671 32.91351240000001),大村市西三城町１２
1625,42208040,Point(129.715007 33.3457306),松浦市志佐町浦免８１２－１
1626,42209010,Point(129.289686 34.2102138),対馬市厳原町宮谷224
1627,42209950,Point(129.2857639 34.2426737),対馬市大字厳原北里大多羅（上見坂公園）
1628,42210010,Point(129.691157 33.7505959),壱岐市郷ノ浦町本村触505-5
1629,42211010,Point(128.8460344 32.6989579),五島市福江町504-1
1630,42211950,Point(128.8409418 32.6954809),五島市大宝郷字ヅンナン辻1148
1631,42213010,Point(130.2113464 32.7321302),雲仙市小浜町北本町550
1632,42308040,Point(129.846458 32.827976),西彼杵郡時津町野田郷２
1633,42309010,Point(129.8778888 32.7503334),長崎市村松郷字南小島７０４－１３
1634,42314020,Point(129.6750369 32.9215763),西海市大瀬戸町雪浦上郷字宮小路141-2
1635,42322060,Point(129.8501958 33.0730338),東彼杵郡川棚町下組郷字開３０４－５
1636,42392020,Point(129.7157996 33.1804356),佐世保市大渡免字大切１３６
1637,43201140,Point(130.7535418 32.8482694),熊本市北区楡木3-9-1
1638,43201150,Point(130.7033798 32.8165263),熊本市中央区京町本丁1-14
1639,43201160,Point(130.6956394 32.9038019),熊本市北区植木町岩野238-1
1640,43201170,Point(130.7722296 32.7721724),熊本市東区秋津3丁目1856
1641,43201180,Point(130.6308774 32.765727),熊本市西区中島町371-2
1642,43201190,Point(130.7141951 32.7262946),熊本市南区城南町高482
1643,43201510,Point(130.7140311 32.8044066),熊本市中央区水道町１３－２
1644,43201520,Point(130.7405664 32.7822415),熊本市中央区神水本町９６７－１
1645,43202020,Point(130.601994 32.507843),八代市松江城町１－５４
1646,43202030,Point(130.6118229 32.5174703),八代市古閑上町１９７
1647,43202520,Point(130.6384926 32.5010333),八代市宮地町
1648,43203011,Point(130.7589282 32.2064635),人吉市西間下町８６－１
1649,43204200,Point(130.4674218 32.9808242),荒尾市川登1868-12
1650,43205030,Point(130.3882576 32.2111265),水俣市丸島町３－１８７
1651,43205160,Point(130.3992939 32.2152235),水俣市八幡町２丁目２－１３
1652,43206020,Point(130.5590789 32.9314599),玉名市大字岩崎１００４－１
1653,43207010,Point(130.1948336 32.4611967),天草市今釜新町３５３０
1654,43208010,Point(130.6999328 33.0093764),山鹿市大字中５７８番地
1655,43210010,Point(130.8129958 32.9789312),菊池市大字隈府字前田８７８番地１
1656,43211050,Point(130.6656533 32.6839422),宇土市旭町３７５
1657,43212010,Point(130.4327237 32.5163813),上天草市松島町合津4276-387
1658,43214011,Point(131.1143787 32.9387289),阿蘇市一の宮町宮地２４０２
1659,43215010,Point(130.1145503 32.3961841),天草市宮地岳町5518-1
1660,43215020,Point(130.181097 32.3470595),天草市新和町小宮地字荒新開5208-105
1661,43215030,Point(130.0525067 32.3654264),天草市河浦町河浦796-4
1662,43215040,Point(130.0274159 32.4246008),天草市天草町下田北1388-1
1663,43403010,Point(130.8841776 32.8778981),菊池郡大津町引水１２３
1664,43443010,Point(130.8163704 32.7914033),上益城郡益城町宮園７０２
1665,43444010,Point(130.8084429 32.6529167),上益城郡甲佐町岩下１５７番地１９
1666,43481010,Point(130.5076265 32.3449429),葦北郡芦北町小田浦１５７２－１
1667,43530010,Point(130.1934363 32.4585255),天草市大字井出３７６８－２
1668,43531010,Point(130.0518805 32.512424),天草郡苓北町志岐４６０
1669,43531020,Point(130.1094282 32.5168003),天草郡苓北町坂瀬川字小崎2865
1670,43531030,Point(130.0530568 32.4575995),天草郡苓北町都呂々字古里1211-1
1671,43531040,Point(130.0807442 32.4486432),天草郡苓北町都呂々字陰平6118-2
1672,43532010,Point(129.9952934 32.3795734),天草市字白鶴浜８９７－１５
1673,44201010,Point(131.6221805 33.1905809),大分市敷戸北町１２番１号
1674,44201050,Point(131.5949131 33.2149152),大分市奥田７５４ー１
1675,44201070,Point(131.6802716 33.2529485),大分市三佐５丁目６番地８号
1676,44201080,Point(131.7190302 33.2480139),大分市横田１丁目１５番地５８号
1677,44201090,Point(131.750388 33.228785),大分市南２丁目９番７２号
1678,44201100,Point(131.6597893 33.1554109),大分市中戸次本町
1679,44201130,Point(131.6390568 33.2438151),大分市萩原１丁目１０番３０号
1680,44201340,Point(131.7236188 33.2149186),大分市佐野２６６２
1681,44201350,Point(131.5510242 33.1890619),大分市大字横瀬４１６番地
1682,44201360,Point(131.6660204 33.2074647),大分市大字横尾２６６０番地
1683,44201370,Point(131.5941239 33.2370792),大分市南春日町６番１号
1684,44201510,Point(131.6081989 33.2346538),大分市金池町２丁目の１
1685,44201520,Point(131.608043 33.1968125),大分市大字宮崎字スカワ783-3他
1686,44202020,Point(131.4830418 33.2896192),別府市大字別府字野口原３０８８－１
1687,44203070,Point(131.1959413 33.5921353),中津市中央町１－５－１６
1688,44204010,Point(130.9403851 33.3280901),日田市城町１－１－１０
1689,44205020,Point(131.9044301 32.9647369),佐伯市長島町１丁目２番１号
1690,44206010,Point(131.8052297 33.1261432),臼杵市大字臼杵７２－１
1691,44207010,Point(131.8609693 33.072166),津久見市宮本町２０－１５
1692,44212010,Point(131.580992 32.97569),豊後大野市三重町市場９３４番地２
1693,44213010,Point(131.4261165 33.1795362),由布市庄内町柿原337-2
1694,44214010,Point(131.7326109 33.5575004),国東市国東町鶴川1974
1695,44341020,Point(131.5312689 33.3784676),速見郡日出町鷹匠町２４５８－１
1696,44381010,Point(131.8765037 33.2470397),大分市大字関２１７８番地
1697,45201040,Point(131.4740591 32.0239101),宮崎市佐土原町下田島20660
1698,45201050,Point(131.4108541 31.9325923),宮崎市宮崎市祇園２丁目１３５
1699,45201060,Point(131.3010585 31.8391689),宮崎市田野町甲２８１８
1700,45201520,Point(131.4181248 31.8976545),宮崎市中村東３丁目２の２７
1701,45201530,Point(131.3709131 31.9308271),宮崎市大字浮田２７５１番地１４
1702,45201540,Point(131.427765 31.9437073),宮崎市下北方町新地849番地
1703,45202020,Point(131.0796778 31.76077),都城市吉尾町４７３番地の１
1704,45202510,Point(131.061519 31.719543),都城市姫城町６街区２１
1705,45203020,Point(131.6678507 32.61588),延岡市桜ヶ丘３丁目７１２２
1706,45203090,Point(131.6728739 32.5519338),延岡市平原町２丁目６１８の２
1707,45203100,Point(131.6569154 32.5792155),延岡市大貫町１丁目２８４０
1708,45203520,Point(131.6791021 32.575523),延岡市出北町２丁目１４６７－２
1709,45204010,Point(131.3849154 31.60241139999999),日南市大字戸高６５７
1710,45204030,Point(131.4018221 31.5904509),日南市園田町１６２
1711,45205010,Point(130.995976 31.98157),小林市小林市堤字金鳥居３０２０の１３
1712,45206020,Point(131.6435848 32.4357798),日向市大字日知屋１２１０５の１
1713,45206030,Point(131.6225041 32.4228811),日向市春原町１丁目４７
1714,45206080,Point(131.6435848 32.4357798),日向市大字日知屋片ヶ浜３３７９
1715,45401010,Point(131.5187752 32.1296366),児湯郡高鍋町大字北高鍋２０４
1716,45403010,Point(131.1300697 32.1919477),児湯郡西米良村西米良村大字村所
1717,45441010,Point(131.305506 32.7057957),西臼杵郡高千穂町大字三田井１０８６－１
1718,46201010,Point(130.5574211 31.5967656),鹿児島市山下町11番1号
1719,46201130,Point(130.5175494 31.5211345),鹿児島市谷山中央四丁目４９２７番地
1720,46201220,Point(130.6803583 31.5573656),鹿児島市有村町12番地4
1721,46201260,Point(130.7006459 31.5781089),鹿児島市黒神町2554番地
1722,46201270,Point(130.5644401 31.584549),鹿児島市城南町１８
1723,46201520,Point(130.5548872 31.5638531),鹿児島市鴨池二丁目31番15号
1724,46202040,Point(130.1966463 31.7950468),薩摩川内市寄田町４－１
1725,46202200,Point(130.3031988 31.8143991),薩摩川内市若松町１
1726,46202520,Point(130.2931962 31.8321617),薩摩川内市御陵下町２５－８
1727,46203010,Point(130.8487826 31.375051),鹿屋市新栄町６４９
1728,46205010,Point(130.2020495 31.7590927),いちき串木野市羽島５２１８
1729,46208010,Point(130.3518793 32.088342),出水市昭和町18－18
1730,46212010,Point(130.7627325 31.7358698),霧島市国分中央五丁目８４２番地１
1731,46220010,Point(130.3227599 31.4168733),南さつま市加世田川畑２６４８
1732,46302010,Point(130.6344888 31.6195823),鹿児島市桜島藤野町１４３９
1733,46302020,Point(130.6270694 31.5801549),鹿児島市赤水１１９５－２
1734,46321010,Point(130.5381458 31.3640453),鹿児島市喜入町６２２７
1735,46466010,Point(131.0994505 31.4721334),志布志市志布志町志布志３２４０－１４
1736,46482010,Point(130.9914922 31.3687566),肝属郡東串良町新川西３６３２
1737,47201140,Point(127.693895 26.2065548),那覇市与儀１－３－２１
1738,47201580,Point(127.6856834 26.2156831),那覇市牧志１－２－２４
1739,47206020,Point(125.2876685 24.8032189),宮古島市平良字東仲宗根４７６
1740,47207020,Point(124.1871751 24.3404034),石垣市字真栄里４３８
1741,47208510,Point(127.7235186 26.2674837),浦添市牧港５－６－５
1742,47209080,Point(127.9876849 26.593427),名護市大中２－１３－１
1743,47210060,Point(127.6656429 26.1460274),糸満市西崎町３－１７９
1744,47211050,Point(127.8197995 26.3478034),沖縄市美原１－６－２８
1745,47301950,Point(128.1779451 26.7456488),国頭郡国頭村大字宜名真字長根原1000
1746,47322010,Point(127.9723621 26.3565509),うるま市与那城桃原２１９
1747,47329010,Point(127.7578588 26.2219792),中頭郡西原町字与那城１３５
